Date,Ticker,ML_Forecast_Return
2015-01-31,GLD,0.0029243992750587716
2015-01-31,IEF,0.002538278754526479
2015-01-31,EEM,0.0029700055853869754
2015-01-31,VNQ,0.0010428357186482453
2015-01-31,EFA,0.003403069535384956
2015-01-31,TLT,0.0011055698008039395
2015-01-31,DBC,0.005324055862927203
2015-01-31,SLV,0.0038846504586265425
2015-01-31,SPY,0.002257019401705873
2015-01-31,SHY,0.003091569955701897
2015-01-31,IEV,0.0035384160260669016
2015-01-31,HYG,0.0033651957038487133
2015-02-28,EFA,0.003574141086649524
2015-02-28,SLV,0.0053801476856790015
2015-02-28,GLD,0.004103848002604248
2015-02-28,SPY,0.0019437234105374437
2015-02-28,IEV,0.003878303926450989
2015-02-28,EEM,0.002912114844927964
2015-02-28,VNQ,0.001474813035196226
2015-02-28,SHY,0.003208394194876087
2015-02-28,HYG,0.003540222472836655
2015-02-28,DBC,0.00620735381584662
2015-02-28,IEF,0.0027305938243446246
2015-02-28,TLT,0.0013343323810165435
2015-03-31,IEV,0.0037914932058807837
2015-03-31,IEF,0.0023540018188335865
2015-03-31,HYG,0.0033752166736922017
2015-03-31,TLT,0.0010723353417691679
2015-03-31,SPY,0.0019825680888342426
2015-03-31,GLD,0.0037666963638455326
2015-03-31,EFA,0.0034240220333956605
2015-03-31,VNQ,0.0011114113138468104
2015-03-31,EEM,0.003195308984486531
2015-03-31,SLV,0.004568511828810665
2015-03-31,SHY,0.0029383459543877812
2015-03-31,DBC,0.0063410030823640075
2015-04-30,IEV,0.003224254167737126
2015-04-30,TLT,0.0010139792789976073
2015-04-30,EEM,0.0020526326430292674
2015-04-30,VNQ,0.0015040501803445143
2015-04-30,IEF,0.0019066170224208588
2015-04-30,SHY,0.002412984377376148
2015-04-30,DBC,0.005778662180993448
2015-04-30,GLD,0.0033924543627293544
2015-04-30,SPY,0.001301929764611516
2015-04-30,EFA,0.002743870402764228
2015-04-30,HYG,0.00284126415600647
2015-04-30,SLV,0.004230618168674883
2015-05-31,IEF,0.0011365559660165819
2015-05-31,GLD,0.001668475550752353
2015-05-31,DBC,0.003425847919782709
2015-05-31,VNQ,0.0009305631209241412
2015-05-31,SLV,0.0020829414345250033
2015-05-31,EFA,0.0015852105571936132
2015-05-31,SHY,0.0013055075462318495
2015-05-31,HYG,0.0016092166516824223
2015-05-31,EEM,0.0015437534636892252
2015-05-31,SPY,0.0006921825359140115
2015-05-31,IEV,0.001820271658462525
2015-05-31,TLT,0.0008260659950159389
2015-06-30,EEM,-0.00011495076903467533
2015-06-30,IEF,-0.00029012119964238515
2015-06-30,TLT,-0.0003277460886404595
2015-06-30,VNQ,-0.00026166188035572994
2015-06-30,GLD,-4.4969405720259346e-05
2015-06-30,SPY,-0.00035843758387746696
2015-06-30,IEV,-8.58917783766732e-05
2015-06-30,EFA,-0.00013678662089587607
2015-06-30,SHY,-0.0002716560193465111
2015-06-30,HYG,-0.00014425595208349059
2015-06-30,SLV,0.00019875089891208586
2015-06-30,DBC,0.00031579447884532027
2015-07-31,TLT,-0.001392386725920066
2015-07-31,IEF,-0.001392386725920066
2015-07-31,IEV,-0.001392386725920066
2015-07-31,HYG,-0.001392386725920066
2015-07-31,SLV,-0.001392386725920066
2015-07-31,SPY,-0.001392386725920066
2015-07-31,DBC,-0.001392386725920066
2015-07-31,EFA,-0.001392386725920066
2015-07-31,SHY,-0.001392386725920066
2015-07-31,EEM,-0.001392386725920066
2015-07-31,VNQ,-0.001392386725920066
2015-07-31,GLD,-0.001392386725920066
2015-08-31,TLT,-0.001573771951268499
2015-08-31,SLV,-0.001573771951268499
2015-08-31,SHY,-0.001573771951268499
2015-08-31,IEF,-0.001573771951268499
2015-08-31,VNQ,-0.001573771951268499
2015-08-31,DBC,-0.001573771951268499
2015-08-31,SPY,-0.001573771951268499
2015-08-31,GLD,-0.001573771951268499
2015-08-31,EFA,-0.001573771951268499
2015-08-31,EEM,-0.001573771951268499
2015-08-31,IEV,-0.001573771951268499
2015-08-31,HYG,-0.001573771951268499
2015-09-30,DBC,-0.001683708260408567
2015-09-30,SPY,-0.001683708260408567
2015-09-30,EFA,-0.001683708260408567
2015-09-30,SHY,-0.001683708260408567
2015-09-30,SLV,-0.001683708260408567
2015-09-30,HYG,-0.001683708260408567
2015-09-30,IEV,-0.001683708260408567
2015-09-30,GLD,-0.001683708260408567
2015-09-30,EEM,-0.001683708260408567
2015-09-30,TLT,-0.001683708260408567
2015-09-30,IEF,-0.001683708260408567
2015-09-30,VNQ,-0.001683708260408567
2015-10-31,TLT,-0.00190154235438233
2015-10-31,VNQ,-0.00190154235438233
2015-10-31,IEF,-0.00190154235438233
2015-10-31,EFA,-0.00190154235438233
2015-10-31,SHY,-0.00190154235438233
2015-10-31,IEV,-0.00190154235438233
2015-10-31,GLD,-0.00190154235438233
2015-10-31,SPY,-0.00190154235438233
2015-10-31,DBC,-0.00190154235438233
2015-10-31,HYG,-0.00190154235438233
2015-10-31,EEM,-0.00190154235438233
2015-10-31,SLV,-0.00190154235438233
2015-11-30,TLT,-0.002874177793455568
2015-11-30,SLV,-0.002874177793455568
2015-11-30,SPY,-0.002874177793455568
2015-11-30,SHY,-0.002874177793455568
2015-11-30,IEF,-0.002874177793455568
2015-11-30,HYG,-0.002874177793455568
2015-11-30,GLD,-0.002874177793455568
2015-11-30,EEM,-0.002874177793455568
2015-11-30,EFA,-0.002874177793455568
2015-11-30,DBC,-0.002874177793455568
2015-11-30,IEV,-0.002874177793455568
2015-11-30,VNQ,-0.002874177793455568
2015-12-31,GLD,-0.0031659471615576324
2015-12-31,HYG,-0.0031659471615576324
2015-12-31,VNQ,-0.0031659471615576324
2015-12-31,SPY,-0.0031659471615576324
2015-12-31,SLV,-0.0031659471615576324
2015-12-31,DBC,-0.0031659471615576324
2015-12-31,EEM,-0.0031659471615576324
2015-12-31,SHY,-0.0031659471615576324
2015-12-31,EFA,-0.0031659471615576324
2015-12-31,TLT,-0.0031659471615576324
2015-12-31,IEF,-0.0031659471615576324
2015-12-31,IEV,-0.0031659471615576324
2016-01-31,SHY,-0.002434406425699278
2016-01-31,GLD,-0.002434406425699278
2016-01-31,VNQ,-0.002434406425699278
2016-01-31,TLT,-0.002434406425699278
2016-01-31,EFA,-0.002434406425699278
2016-01-31,HYG,-0.002434406425699278
2016-01-31,EEM,-0.002434406425699278
2016-01-31,IEV,-0.002434406425699278
2016-01-31,IEF,-0.002434406425699278
2016-01-31,SLV,-0.002434406425699278
2016-01-31,DBC,-0.002434406425699278
2016-01-31,SPY,-0.002434406425699278
2016-02-29,EEM,-0.0010316133657444489
2016-02-29,IEV,-0.0010316133657444489
2016-02-29,IEF,-0.0010316133657444489
2016-02-29,SLV,-0.0010316133657444489
2016-02-29,HYG,-0.0010316133657444489
2016-02-29,SHY,-0.0010316133657444489
2016-02-29,GLD,-0.0010316133657444489
2016-02-29,TLT,-0.0010316133657444489
2016-02-29,VNQ,-0.0010316133657444489
2016-02-29,SPY,-0.0010316133657444489
2016-02-29,EFA,-0.0010316133657444489
2016-02-29,DBC,-0.0010316133657444489
2016-03-31,EEM,-0.0004548700785342875
2016-03-31,EFA,2.8193738256387547e-05
2016-03-31,VNQ,-0.00038580577128080254
2016-03-31,DBC,-8.556744759150137e-05
2016-03-31,IEF,-0.00035347077031897884
2016-03-31,SHY,-0.00015587954929983523
2016-03-31,GLD,-0.0009641503462994507
2016-03-31,SLV,-0.0007160764419243134
2016-03-31,SPY,-0.00015668627646250302
2016-03-31,HYG,-0.00018699311859414768
2016-03-31,TLT,-0.0005572111291597961
2016-03-31,IEV,1.9470816156635644e-05
2016-04-30,DBC,0.0008926754281255287
2016-04-30,IEV,0.0008206526462171463
2016-04-30,SHY,0.0007029436706840414
2016-04-30,EEM,0.0008881767401035638
2016-04-30,EFA,0.0008171904760084382
2016-04-30,VNQ,0.0006758378554600326
2016-04-30,IEF,0.0006831619158342249
2016-04-30,SLV,0.0006112715723014517
2016-04-30,GLD,0.0006212347659694681
2016-04-30,HYG,0.0007772801250947666
2016-04-30,TLT,0.0006792069151255084
2016-04-30,SPY,0.0007139508562078561
2016-05-31,EFA,0.0013608196680431157
2016-05-31,DBC,0.0013727196294820035
2016-05-31,VNQ,0.0013133756352619414
2016-05-31,TLT,0.0013124665248336119
2016-05-31,SPY,0.0013299760496690977
2016-05-31,SLV,0.0013414643812597676
2016-05-31,SHY,0.001328394696822053
2016-05-31,EEM,0.0013793068375563908
2016-05-31,IEV,0.0013636735134759535
2016-05-31,GLD,0.0013238658590665623
2016-05-31,HYG,0.001349389946848699
2016-05-31,IEF,0.0013214821565696222
2016-06-30,TLT,0.0018217886201681867
2016-06-30,SHY,0.0020011633082631986
2016-06-30,EFA,0.0021290048202436233
2016-06-30,GLD,0.0018795701829157831
2016-06-30,DBC,0.0021557584634084017
2016-06-30,EEM,0.0021411125227744758
2016-06-30,IEV,0.00214422410832178
2016-06-30,SPY,0.001988818195972395
2016-06-30,SLV,0.0018156181677640231
2016-06-30,HYG,0.002053415011033267
2016-06-30,IEF,0.0019300522559307707
2016-06-30,VNQ,0.0018170858045995207
2016-07-31,EFA,0.0024510159587058933
2016-07-31,IEF,0.0021275824056610254
2016-07-31,SPY,0.0021875221487819853
2016-07-31,VNQ,0.0019177434251844653
2016-07-31,DBC,0.002427807346896116
2016-07-31,GLD,0.0018031740438529283
2016-07-31,EEM,0.002296555133689308
2016-07-31,SLV,0.00152117961473757
2016-07-31,HYG,0.0023052061474389905
2016-07-31,TLT,0.0019467889625856601
2016-07-31,SHY,0.002240171725933773
2016-07-31,IEV,0.0025020636197757833
2016-08-31,SLV,0.0005045191729341465
2016-08-31,IEF,0.0015809671445260595
2016-08-31,SHY,0.0018229747742098163
2016-08-31,TLT,0.001076620565469459
2016-08-31,DBC,0.002248129455381327
2016-08-31,GLD,0.0011030020858160464
2016-08-31,IEV,0.002132036971747226
2016-08-31,SPY,0.001337259612528946
2016-08-31,HYG,0.0018081322690441301
2016-08-31,VNQ,0.0008278663168142422
2016-08-31,EEM,0.0014381415596654323
2016-08-31,EFA,0.001969521405697019
2016-09-30,IEF,0.0008920206116675192
2016-09-30,EEM,7.603411540494775e-05
2016-09-30,SLV,-0.0012392687019844013
2016-09-30,SHY,0.001175557389498513
2016-09-30,DBC,0.001251732492446386
2016-09-30,IEV,0.0012618990609849785
2016-09-30,VNQ,3.107796371746674e-05
2016-09-30,GLD,-0.00018187369114471192
2016-09-30,EFA,0.0009353986122558368
2016-09-30,HYG,0.0008107214550790638
2016-09-30,SPY,0.00018241829120067441
2016-09-30,TLT,0.00030375691339833524
2016-10-31,SLV,-0.0010518509826203891
2016-10-31,DBC,0.0007329325405615346
2016-10-31,IEV,0.0016263392438563861
2016-10-31,EEM,-0.0001559741302129829
2016-10-31,EFA,0.0011510518151198602
2016-10-31,IEF,0.00024725645845651874
2016-10-31,SHY,0.0005438719576814774
2016-10-31,TLT,-0.00019868114613718908
2016-10-31,HYG,0.0005016262648562225
2016-10-31,GLD,-0.0007114398840056336
2016-10-31,VNQ,0.0003021888759366296
2016-10-31,SPY,0.00031524601472136376
2016-11-30,IEF,0.0007159247691424719
2016-11-30,HYG,0.00023102299704753443
2016-11-30,SHY,0.0006018378621699849
2016-11-30,VNQ,0.00044693322054501324
2016-11-30,SPY,-5.4116216153974814e-05
2016-11-30,IEV,0.0018282746013976873
2016-11-30,EFA,0.0013267100875213067
2016-11-30,SLV,-0.0013138058653505563
2016-11-30,GLD,-0.0005206858176781267
2016-11-30,DBC,-0.0002371975802943993
2016-11-30,TLT,0.0007072546401869304
2016-11-30,EEM,7.964222855474652e-05
2016-12-31,EFA,0.0014647902710501616
2016-12-31,SPY,0.00022359200687723174
2016-12-31,VNQ,0.0008953388065980769
2016-12-31,SLV,-0.00031466476849916565
2016-12-31,IEF,0.0013599747484970117
2016-12-31,HYG,0.0004684069888256947
2016-12-31,TLT,0.0014118259261699305
2016-12-31,EEM,0.00032032055670871593
2016-12-31,GLD,0.00040005116713941256
2016-12-31,IEV,0.0016351627019066263
2016-12-31,DBC,-0.0007535883780221621
2016-12-31,SHY,0.0012683946902653546
2017-01-31,EEM,-0.00031882689909888077
2017-01-31,GLD,0.0010899475693231125
2017-01-31,DBC,-0.0004280554799360732
2017-01-31,SPY,0.00014996945118188505
2017-01-31,VNQ,0.0011952293317528582
2017-01-31,SLV,-0.0003411506853275878
2017-01-31,IEF,0.0022648928041835254
2017-01-31,SHY,0.0019367441812010292
2017-01-31,HYG,0.0008791244711371835
2017-01-31,EFA,0.0011460606238112253
2017-01-31,IEV,0.0013985294183434813
2017-01-31,TLT,0.0024581620802165386
2017-02-28,TLT,0.002854052738526861
2017-02-28,VNQ,0.0011551563904310675
2017-02-28,HYG,0.0012385710208811093
2017-02-28,GLD,0.002149136336565225
2017-02-28,SPY,0.00012622928630436157
2017-02-28,IEF,0.0026109064157276074
2017-02-28,SHY,0.0022438985340443867
2017-02-28,EEM,-0.00016575040141721207
2017-02-28,EFA,0.0010276690734474664
2017-02-28,SLV,0.0001117509710628962
2017-02-28,IEV,0.0013529736582277526
2017-02-28,DBC,2.119107737575971e-05
2017-03-31,SHY,0.002467694404707262
2017-03-31,IEV,0.0017997598507353873
2017-03-31,VNQ,0.0025418260502813148
2017-03-31,EFA,0.0016268474934397225
2017-03-31,SLV,0.0008775616048093591
2017-03-31,IEF,0.0027930774754070537
2017-03-31,DBC,0.001146280342936318
2017-03-31,HYG,0.0017603168012300672
2017-03-31,EEM,0.0010970703525936514
2017-03-31,SPY,0.0011236917871242631
2017-03-31,GLD,0.0023343964622473245
2017-03-31,TLT,0.0030806848953650527
2017-04-30,EFA,0.0016850834113535003
2017-04-30,EEM,0.001037416913671606
2017-04-30,HYG,0.002048825084119652
2017-04-30,SHY,0.002541546711304281
2017-04-30,SLV,0.0028562828667397047
2017-04-30,VNQ,0.0023966970567968304
2017-04-30,IEV,0.0018314417953844556
2017-04-30,GLD,0.0027075612443601387
2017-04-30,DBC,0.002366895825308332
2017-04-30,SPY,0.001135037104634819
2017-04-30,IEF,0.002775174195425995
2017-04-30,TLT,0.0029831109246140322
2017-05-31,DBC,0.002794486648304715
2017-05-31,SHY,0.00275294844595781
2017-05-31,GLD,0.002424680229322125
2017-05-31,SLV,0.0021151868434703255
2017-05-31,EEM,0.0008294772857327581
2017-05-31,EFA,0.0017055935811180522
2017-05-31,IEV,0.001674029547322958
2017-05-31,SPY,0.0015572039223448982
2017-05-31,TLT,0.0030758141075987767
2017-05-31,VNQ,0.0028687696269376096
2017-05-31,IEF,0.002902084669228178
2017-05-31,HYG,0.0022610859049290053
2017-06-30,EFA,0.0018298569874052038
2017-06-30,SLV,0.003806953915571629
2017-06-30,GLD,0.0034383879728025544
2017-06-30,VNQ,0.0034009702953658794
2017-06-30,EEM,0.0015794675314104892
2017-06-30,TLT,0.0036602549299102074
2017-06-30,SPY,0.0019238655716851726
2017-06-30,IEV,0.001797276661237816
2017-06-30,DBC,0.003382346648015963
2017-06-30,HYG,0.0026823905680145453
2017-06-30,IEF,0.0033653495448129522
2017-06-30,SHY,0.0030474014943303773
2017-07-31,TLT,0.003953413258565673
2017-07-31,VNQ,0.003755980695020198
2017-07-31,SLV,0.004259484290957975
2017-07-31,HYG,0.0030287443771433555
2017-07-31,SPY,0.0024922628718323193
2017-07-31,GLD,0.0036168947833848633
2017-07-31,SHY,0.0033015563208232653
2017-07-31,IEV,0.0023134352237934117
2017-07-31,EFA,0.0023984775739828777
2017-07-31,EEM,0.0020813084564947886
2017-07-31,DBC,0.0029600296559637363
2017-07-31,IEF,0.003567512313981852
2017-08-31,SLV,0.003643660009847821
2017-08-31,EEM,0.0024245910678099662
2017-08-31,GLD,0.0033523729473158167
2017-08-31,TLT,0.003747733379078035
2017-08-31,EFA,0.002766585512908805
2017-08-31,SHY,0.0034026665278176814
2017-08-31,IEV,0.0027021652907871065
2017-08-31,IEF,0.0035215767507985737
2017-08-31,HYG,0.003294809451707666
2017-08-31,DBC,0.0031785582635493206
2017-08-31,VNQ,0.003622585250318796
2017-08-31,SPY,0.0028005656622185765
2017-09-30,DBC,0.0033264319612943383
2017-09-30,TLT,0.0036521361641820593
2017-09-30,EFA,0.002963849608738087
2017-09-30,EEM,0.0028584786616401197
2017-09-30,IEV,0.0028758489957693895
2017-09-30,SLV,0.0037685971179084146
2017-09-30,SHY,0.0034167612343504344
2017-09-30,HYG,0.0033505577626667792
2017-09-30,IEF,0.0035291784506760247
2017-09-30,GLD,0.0034863910092801592
2017-09-30,VNQ,0.0035131853667141255
2017-09-30,SPY,0.0029546233729300327
2017-10-31,SHY,0.0035984373638723
2017-10-31,DBC,0.003449956478659545
2017-10-31,EEM,0.0031144027102658314
2017-10-31,TLT,0.0036825253383517016
2017-10-31,SPY,0.0031835757787532434
2017-10-31,EFA,0.0031942168235750156
2017-10-31,IEF,0.0036514359454883046
2017-10-31,GLD,0.0036037086712211947
2017-10-31,HYG,0.0035295114462472028
2017-10-31,IEV,0.0031345955189733704
2017-10-31,SLV,0.0037164818156498807
2017-10-31,VNQ,0.003573576013946621
2017-11-30,TLT,0.0038781476568797778
2017-11-30,GLD,0.0038781476568797778
2017-11-30,EFA,0.0038781476568797778
2017-11-30,HYG,0.0038781476568797778
2017-11-30,SPY,0.0038781476568797778
2017-11-30,EEM,0.0038781476568797778
2017-11-30,VNQ,0.0038781476568797778
2017-11-30,SLV,0.0038781476568797778
2017-11-30,SHY,0.0038781476568797778
2017-11-30,IEF,0.0038781476568797778
2017-11-30,IEV,0.0038781476568797778
2017-11-30,DBC,0.0038781476568797778
2017-12-31,VNQ,0.003710110124306845
2017-12-31,IEV,0.003710110124306845
2017-12-31,HYG,0.003710110124306845
2017-12-31,EEM,0.003710110124306845
2017-12-31,SPY,0.003710110124306845
2017-12-31,GLD,0.003710110124306845
2017-12-31,IEF,0.003710110124306845
2017-12-31,TLT,0.003710110124306845
2017-12-31,SLV,0.003710110124306845
2017-12-31,DBC,0.003710110124306845
2017-12-31,SHY,0.003710110124306845
2017-12-31,EFA,0.003710110124306845
2018-01-31,IEV,0.0034849547704867605
2018-01-31,IEF,0.0034849547704867605
2018-01-31,DBC,0.0034849547704867605
2018-01-31,SLV,0.0034849547704867605
2018-01-31,SPY,0.0034849547704867605
2018-01-31,VNQ,0.0034849547704867605
2018-01-31,HYG,0.0034849547704867605
2018-01-31,TLT,0.0034849547704867605
2018-01-31,SHY,0.0034849547704867605
2018-01-31,EEM,0.0034849547704867605
2018-01-31,GLD,0.0034849547704867605
2018-01-31,EFA,0.0034849547704867605
2018-02-28,EFA,0.0030114060515352686
2018-02-28,IEV,0.0030107345017547854
2018-02-28,GLD,0.003050102909204829
2018-02-28,IEF,0.0030771944724204306
2018-02-28,SHY,0.0030704789718532114
2018-02-28,HYG,0.00307418314814505
2018-02-28,SLV,0.00310284970986838
2018-02-28,EEM,0.0029782799418619286
2018-02-28,VNQ,0.003112752847461484
2018-02-28,SPY,0.0030166676012011308
2018-02-28,TLT,0.003074403664651567
2018-02-28,DBC,0.0030475761217482935
2018-03-31,DBC,0.003017101191839353
2018-03-31,EEM,0.00290311792820053
2018-03-31,TLT,0.0031281561581925237
2018-03-31,VNQ,0.003228320516363934
2018-03-31,SHY,0.003150277590607442
2018-03-31,GLD,0.0030763433014994526
2018-03-31,HYG,0.003163853770097969
2018-03-31,EFA,0.0030147366578934026
2018-03-31,SPY,0.003017204043212289
2018-03-31,SLV,0.0032496506689168965
2018-03-31,IEF,0.00316213370973628
2018-03-31,IEV,0.003019346393026504
2018-04-30,SHY,0.0030391096084935055
2018-04-30,EEM,0.0026991369367872415
2018-04-30,HYG,0.0030600111572263214
2018-04-30,EFA,0.0028125824214539352
2018-04-30,SLV,0.0031126409253628942
2018-04-30,IEF,0.0030936161356898374
2018-04-30,DBC,0.0026714531166710195
2018-04-30,TLT,0.00305837771229848
2018-04-30,GLD,0.0029526910656053652
2018-04-30,SPY,0.0028085221571421586
2018-04-30,IEV,0.002832084352163475
2018-04-30,VNQ,0.003157110418076947
2018-05-31,SPY,0.0026559781681967922
2018-05-31,VNQ,0.002986857681115433
2018-05-31,DBC,0.0024244435091995086
2018-05-31,EEM,0.0026828892576152143
2018-05-31,SLV,0.0030206745183631754
2018-05-31,IEV,0.0028623596601779714
2018-05-31,TLT,0.0029571232243613796
2018-05-31,IEF,0.0029963730093396004
2018-05-31,GLD,0.0028631123532327166
2018-05-31,HYG,0.0029802043226734025
2018-05-31,EFA,0.0028019652984369956
2018-05-31,SHY,0.0029329609810010543
2018-06-30,SLV,0.0027429908471531747
2018-06-30,SPY,0.002456867120730416
2018-06-30,VNQ,0.002717096775014391
2018-06-30,GLD,0.002668567341725908
2018-06-30,DBC,0.002272351767968679
2018-06-30,EFA,0.002628963893274763
2018-06-30,EEM,0.0025931469331117126
2018-06-30,IEV,0.002662281463015844
2018-06-30,IEF,0.0027480969022486593
2018-06-30,TLT,0.002727606154569058
2018-06-30,SHY,0.0027023325051159187
2018-06-30,HYG,0.0027462623699819936
2018-07-31,IEV,0.0025232192575669406
2018-07-31,GLD,0.002577921969982785
2018-07-31,TLT,0.0025737335009106965
2018-07-31,SPY,0.0024082975933320478
2018-07-31,EEM,0.00251779089940574
2018-07-31,HYG,0.0025703227990667766
2018-07-31,SHY,0.0025561967994423675
2018-07-31,EFA,0.002513127565196087
2018-07-31,VNQ,0.0025666875718614542
2018-07-31,SLV,0.0026173455300965505
2018-07-31,IEF,0.0025855108987389895
2018-07-31,DBC,0.002401783626892232
2018-08-31,IEV,0.0019494384330246382
2018-08-31,VNQ,0.0019463286521960545
2018-08-31,EEM,0.0019556188199748906
2018-08-31,TLT,0.0019600263335392593
2018-08-31,IEF,0.001959366438283693
2018-08-31,SPY,0.0019030891112413613
2018-08-31,HYG,0.0019526811477268604
2018-08-31,GLD,0.001970826452667874
2018-08-31,SLV,0.0019914191035398103
2018-08-31,SHY,0.0019503158544810816
2018-08-31,EFA,0.0019447135939319937
2018-08-31,DBC,0.0019085969524782588
2018-09-30,GLD,0.0014959504781248676
2018-09-30,TLT,0.0014942025556522985
2018-09-30,EFA,0.0014868138094301627
2018-09-30,IEF,0.0014928318401657911
2018-09-30,VNQ,0.0014898667482282934
2018-09-30,SHY,0.0014880642021184113
2018-09-30,IEV,0.00149118009809197
2018-09-30,HYG,0.0014894661798848282
2018-09-30,SLV,0.0015036571599866594
2018-09-30,DBC,0.0014624959421583469
2018-09-30,EEM,0.001491707426033252
2018-09-30,SPY,0.0014638508010460924
2018-10-31,IEF,0.0010055500188952242
2018-10-31,SHY,0.0009603282250019111
2018-10-31,VNQ,0.0009999704679916682
2018-10-31,GLD,0.0009982053263795432
2018-10-31,SPY,0.0008793077999951016
2018-10-31,EFA,0.0010675199918986369
2018-10-31,EEM,0.0011291375450289767
2018-10-31,TLT,0.0010486795751941988
2018-10-31,DBC,0.0008709297757811509
2018-10-31,HYG,0.0009992044009438533
2018-10-31,SLV,0.0011253612227319744
2018-10-31,IEV,0.0010847186391801447
2018-11-30,EFA,0.0017013253262168709
2018-11-30,HYG,0.0015173081396091575
2018-11-30,IEV,0.0017421254850622007
2018-11-30,TLT,0.0016160522623403072
2018-11-30,VNQ,0.0014558509567781934
2018-11-30,SHY,0.0013940828349857442
2018-11-30,DBC,0.0015373549410601444
2018-11-30,SLV,0.0018190302627137558
2018-11-30,SPY,0.0012343241650676455
2018-11-30,EEM,0.0017148705003856702
2018-11-30,IEF,0.0014833476838721704
2018-11-30,GLD,0.0015118057723215992
2018-12-31,TLT,0.0019583985075096984
2018-12-31,SLV,0.002184080438891816
2018-12-31,VNQ,0.00222679159719949
2018-12-31,SPY,0.0020550322401190054
2018-12-31,IEF,0.0018259858417842547
2018-12-31,EFA,0.0025108821076983588
2018-12-31,HYG,0.002087300097337033
2018-12-31,DBC,0.002346001369461382
2018-12-31,EEM,0.002542922868654934
2018-12-31,IEV,0.0025483020829471102
2018-12-31,SHY,0.001779569647765472
2018-12-31,GLD,0.0018551596508850198
2019-01-31,IEV,0.0038873861312651694
2019-01-31,EEM,0.003807780406348555
2019-01-31,DBC,0.0032993380640589415
2019-01-31,TLT,0.002603630212449163
2019-01-31,SLV,0.0031953355575084987
2019-01-31,IEF,0.002430216443867756
2019-01-31,GLD,0.0027370004549998102
2019-01-31,SHY,0.002532419539519562
2019-01-31,HYG,0.002756107378143039
2019-01-31,SPY,0.0028963377550006
2019-01-31,VNQ,0.002151406070222514
2019-01-31,EFA,0.0037733910273005625
2019-02-28,EEM,0.0038135289419517987
2019-02-28,SHY,0.0027530448474511696
2019-02-28,IEV,0.0035137215334537734
2019-02-28,SPY,0.002557040731347245
2019-02-28,EFA,0.0035410020901503383
2019-02-28,DBC,0.0031268546997534024
2019-02-28,TLT,0.0026913217281404485
2019-02-28,IEF,0.002617980623514476
2019-02-28,HYG,0.0028300257305135614
2019-02-28,GLD,0.0028573560560231047
2019-02-28,VNQ,0.0015030811394855352
2019-02-28,SLV,0.0032606808376713222
2019-03-31,DBC,0.0032206557986616366
2019-03-31,VNQ,0.0015106449187573738
2019-03-31,SHY,0.0026619618214754333
2019-03-31,SLV,0.0033495024962948237
2019-03-31,IEV,0.0032673732834933356
2019-03-31,SPY,0.0021314908331041943
2019-03-31,EEM,0.0035974425220813653
2019-03-31,EFA,0.0032649114147321207
2019-03-31,IEF,0.0024472253168334496
2019-03-31,TLT,0.00241925768983053
2019-03-31,GLD,0.002954014228064908
2019-03-31,HYG,0.0026382017825741597
2019-04-30,EFA,0.0033462584651404157
2019-04-30,VNQ,0.0018024944785663304
2019-04-30,DBC,0.003561784547944847
2019-04-30,HYG,0.0027909167397923073
2019-04-30,IEF,0.002580272334274263
2019-04-30,SLV,0.003598792522466877
2019-04-30,GLD,0.003118150431258185
2019-04-30,TLT,0.0026045704480100597
2019-04-30,EEM,0.0034048545015535267
2019-04-30,SHY,0.0028253170064363254
2019-04-30,IEV,0.003333378063025573
2019-04-30,SPY,0.0020285783934295264
2019-05-31,EEM,0.0038214456444292545
2019-05-31,VNQ,0.002255280711122668
2019-05-31,SPY,0.0028911603425335565
2019-05-31,IEV,0.0036221265239083406
2019-05-31,EFA,0.0036536649224520427
2019-05-31,SHY,0.002912013257982401
2019-05-31,HYG,0.003051968221401385
2019-05-31,GLD,0.0029962127586318364
2019-05-31,TLT,0.0023586003409697934
2019-05-31,SLV,0.003881597312807841
2019-05-31,IEF,0.002545390728811208
2019-05-31,DBC,0.0042073820148161994
2019-06-30,EFA,0.0037097036015592217
2019-06-30,SHY,0.0034319056868314488
2019-06-30,HYG,0.0033709793947159935
2019-06-30,SPY,0.0029367202919182416
2019-06-30,TLT,0.0028501082282787254
2019-06-30,DBC,0.0044293494704580145
2019-06-30,GLD,0.0026029650057371794
2019-06-30,EEM,0.0036405236846815
2019-06-30,VNQ,0.002991717381802003
2019-06-30,IEF,0.002990069225778921
2019-06-30,IEV,0.0036767608109131342
2019-06-30,SLV,0.003988923484571066
2019-07-31,IEF,0.0031215170573486097
2019-07-31,EEM,0.004185254267492955
2019-07-31,HYG,0.003623965751866192
2019-07-31,SLV,0.0033969574231504365
2019-07-31,TLT,0.00290135790765426
2019-07-31,IEV,0.004223518433846536
2019-07-31,GLD,0.0026269820601920396
2019-07-31,SPY,0.0032810925432491768
2019-07-31,SHY,0.0035724655923099493
2019-07-31,DBC,0.0043979768753854495
2019-07-31,VNQ,0.0030832812017697127
2019-07-31,EFA,0.004152515997241132
2019-08-31,VNQ,0.0033692954647517375
2019-08-31,IEF,0.0032785071508017577
2019-08-31,IEV,0.0044029615330232
2019-08-31,SPY,0.003956199054675459
2019-08-31,DBC,0.004962927292655242
2019-08-31,GLD,0.0022638333425762025
2019-08-31,HYG,0.003943837280523092
2019-08-31,EFA,0.004405049907020031
2019-08-31,SHY,0.00386795440483858
2019-08-31,EEM,0.004455348865512922
2019-08-31,SLV,0.002329153226516058
2019-08-31,TLT,0.0025850618415527863
2019-09-30,VNQ,0.0028301420508266657
2019-09-30,GLD,0.002199267277740463
2019-09-30,IEF,0.003197471319335131
2019-09-30,SLV,0.0027992946396395817
2019-09-30,TLT,0.0022947345919871074
2019-09-30,EFA,0.004468177335247743
2019-09-30,SPY,0.003954347239792328
2019-09-30,DBC,0.0054855409453750115
2019-09-30,SHY,0.003954260670056661
2019-09-30,IEV,0.004460261599391802
2019-09-30,HYG,0.004057325490323922
2019-09-30,EEM,0.0045254319312417165
2019-10-31,HYG,0.004162604399666567
2019-10-31,TLT,0.0022215740103847348
2019-10-31,SLV,0.0020566300197065812
2019-10-31,IEF,0.0033607211229633865
2019-10-31,EFA,0.0037076308114966853
2019-10-31,EEM,0.0036358878291944956
2019-10-31,GLD,0.0022815205557048007
2019-10-31,VNQ,0.002579185177803457
2019-10-31,IEV,0.003721280761575333
2019-10-31,SHY,0.004222871134600575
2019-10-31,SPY,0.0033325955438026278
2019-10-31,DBC,0.005296924620996753
2019-11-30,EEM,0.004170761625571815
2019-11-30,VNQ,0.0033684180843920925
2019-11-30,IEV,0.0037068462179581214
2019-11-30,SPY,0.0033284087357157207
2019-11-30,DBC,0.004446148468809788
2019-11-30,TLT,0.0027065639758826103
2019-11-30,EFA,0.003763322953263246
2019-11-30,HYG,0.004135270758567403
2019-11-30,GLD,0.0029026100092830603
2019-11-30,SLV,0.0028863973039248434
2019-11-30,SHY,0.004309790202687465
2019-11-30,IEF,0.0036828751097874837
2019-12-31,GLD,0.0028702323709274657
2019-12-31,EEM,0.003097052915626026
2019-12-31,SLV,0.003096940226078843
2019-12-31,SHY,0.004136894270269359
2019-12-31,DBC,0.003462160749078208
2019-12-31,EFA,0.002848947380182253
2019-12-31,IEV,0.0027039675779151296
2019-12-31,SPY,0.002038650269626762
2019-12-31,IEF,0.003789220059691768
2019-12-31,TLT,0.0033540367120952013
2019-12-31,HYG,0.003587084564840741
2019-12-31,VNQ,0.002369759610384574
2020-01-31,HYG,0.0028808276677877586
2020-01-31,SHY,0.0030771199453991423
2020-01-31,SPY,0.0004211706898055922
2020-01-31,IEF,0.0019945129636303937
2020-01-31,VNQ,0.001410909429109973
2020-01-31,SLV,0.001539047318287618
2020-01-31,EEM,0.00365428449184253
2020-01-31,GLD,0.00034394386003700926
2020-01-31,IEV,0.001913170864744021
2020-01-31,DBC,0.004219999214471545
2020-01-31,TLT,0.0003565572720917935
2020-01-31,EFA,0.0021563926503710995
2020-02-29,IEV,0.00294629855735752
2020-02-29,HYG,0.00249614777529869
2020-02-29,SHY,0.002193858081366731
2020-02-29,IEF,0.0006620043762441056
2020-02-29,GLD,-0.00038841743798004964
2020-02-29,VNQ,0.0019532654182746467
2020-02-29,EFA,0.003017883265406279
2020-02-29,TLT,-0.001840565132743895
2020-02-29,SPY,0.001605369364337424
2020-02-29,DBC,0.004743566041021848
2020-02-29,SLV,0.0016287302167371787
2020-02-29,EEM,0.0032216218992540207
2020-03-31,HYG,0.0036934033443007915
2020-03-31,VNQ,0.004783695193307025
2020-03-31,IEV,0.004652517654787296
2020-03-31,SLV,0.0033321770397395263
2020-03-31,DBC,0.0059806801798387215
2020-03-31,SPY,0.003429973500023144
2020-03-31,EEM,0.0048895616798005324
2020-03-31,SHY,0.001962838615349555
2020-03-31,TLT,-0.0014531235338757025
2020-03-31,EFA,0.004528112226593033
2020-03-31,GLD,-0.0003165546203990968
2020-03-31,IEF,0.000611898120504466
2020-04-30,SHY,-0.000247937137853744
2020-04-30,HYG,0.009395167984737315
2020-04-30,SPY,0.009886852907329864
2020-04-30,VNQ,0.016151344957447945
2020-04-30,DBC,0.013681157551067252
2020-04-30,IEV,0.012379506269943519
2020-04-30,EFA,0.011626017070627942
2020-04-30,GLD,-0.00011919486828225077
2020-04-30,SLV,0.00839696432376069
2020-04-30,TLT,-0.0021049979583108425
2020-04-30,EEM,0.012089705947978794
2020-04-30,IEF,-0.0013268435388906683
2020-05-31,IEF,-0.0002427554234397313
2020-05-31,SPY,0.014424541576637123
2020-05-31,GLD,-7.025132138518356e-06
2020-05-31,IEV,0.02016666976966157
2020-05-31,EEM,0.02073891874727035
2020-05-31,DBC,0.018349134575906294
2020-05-31,TLT,0.005735810638909135
2020-05-31,EFA,0.018357629074098335
2020-05-31,VNQ,0.028375726787027704
2020-05-31,HYG,0.010718975224663833
2020-05-31,SHY,-0.0010698691590186186
2020-05-31,SLV,0.00925243647730877
2020-06-30,IEV,0.015504131180795789
2020-06-30,GLD,0.0013188272574143267
2020-06-30,DBC,0.013138314318330378
2020-06-30,SPY,0.012460497321394485
2020-06-30,IEF,-0.0024386996945952493
2020-06-30,VNQ,0.02615497319813341
2020-06-30,TLT,0.004248270019410929
2020-06-30,SLV,0.006759006467812244
2020-06-30,EEM,0.013948428166193034
2020-06-30,EFA,0.014083015744922388
2020-06-30,HYG,0.009720821047086894
2020-06-30,SHY,-0.004188679014534256
2020-07-31,DBC,0.011683730418342766
2020-07-31,TLT,0.0009862998403145952
2020-07-31,EEM,0.01439548593894131
2020-07-31,GLD,-0.0012070023960559914
2020-07-31,SPY,0.010694626404977384
2020-07-31,IEV,0.015605876809792248
2020-07-31,IEF,-0.003823461878263351
2020-07-31,VNQ,0.022340826615174406
2020-07-31,HYG,0.003400211708970512
2020-07-31,SHY,-0.005061919333419372
2020-07-31,SLV,0.016780369702211195
2020-07-31,EFA,0.0143485587516794
2020-08-31,IEV,0.010445602881046939
2020-08-31,IEF,-0.003382455247490217
2020-08-31,SPY,0.00529182185078017
2020-08-31,TLT,0.0029279184703403975
2020-08-31,VNQ,0.015733644413385404
2020-08-31,HYG,0.0021885982525273887
2020-08-31,EEM,0.00896434375902689
2020-08-31,SLV,0.025243044004446026
2020-08-31,EFA,0.009164788184013898
2020-08-31,GLD,0.004217215007140879
2020-08-31,DBC,0.007110128388329854
2020-08-31,SHY,-0.004828436144831938
2020-09-30,DBC,0.007866184726681758
2020-09-30,GLD,0.004443008805203723
2020-09-30,EEM,0.0050689533011860355
2020-09-30,SHY,-0.003886321004173518
2020-09-30,VNQ,0.012474501249355159
2020-09-30,HYG,0.0006334602714503715
2020-09-30,SLV,0.02718168686085279
2020-09-30,EFA,0.006792441513665369
2020-09-30,TLT,0.0012393001933089275
2020-09-30,IEV,0.008431405804722583
2020-09-30,IEF,-0.003238220089944065
2020-09-30,SPY,0.004144678662697849
2020-10-31,DBC,0.012072292860826636
2020-10-31,GLD,0.006045863146007835
2020-10-31,SHY,-0.0040748055374448325
2020-10-31,EEM,0.007450833515920043
2020-10-31,TLT,0.002491562259236692
2020-10-31,IEF,-0.0027278696944895713
2020-10-31,EFA,0.009678956239881964
2020-10-31,SLV,0.02882910814633495
2020-10-31,IEV,0.013044558401698504
2020-10-31,VNQ,0.015436313426388517
2020-10-31,SPY,0.009048692761103552
2020-10-31,HYG,0.0014658238416304613
2020-11-30,HYG,0.0015781806819674046
2020-11-30,IEF,-0.0023236493428952605
2020-11-30,GLD,0.004750367109151266
2020-11-30,SPY,0.008400914716667965
2020-11-30,TLT,0.0029223235683928017
2020-11-30,IEV,0.012448475548481858
2020-11-30,VNQ,0.01600632147710771
2020-11-30,SHY,-0.004032063562580088
2020-11-30,EFA,0.009679255146732624
2020-11-30,DBC,0.011628132972507286
2020-11-30,SLV,0.02040905454838765
2020-11-30,EEM,0.006266141737946835
2020-12-31,EEM,0.005723537189978603
2020-12-31,EFA,0.008486752717394899
2020-12-31,DBC,0.00828933622611909
2020-12-31,GLD,0.004103313954606407
2020-12-31,SPY,0.004989520792306915
2020-12-31,SHY,-0.004230585724814438
2020-12-31,TLT,0.00265380865970949
2020-12-31,IEF,-0.002547824161140978
2020-12-31,VNQ,0.013120572693628294
2020-12-31,HYG,0.00046813997731280903
2020-12-31,SLV,0.01302374040494059
2020-12-31,IEV,0.011110917194190058
2021-01-31,HYG,0.00011453321594899913
2021-01-31,IEV,0.009885626756819123
2021-01-31,EFA,0.008139632991995153
2021-01-31,SHY,-0.004093414724279037
2021-01-31,GLD,0.007017069666604644
2021-01-31,EEM,0.005335769333524823
2021-01-31,DBC,0.005801908899237191
2021-01-31,VNQ,0.013592662918717632
2021-01-31,SPY,0.004103496655320532
2021-01-31,IEF,-0.0015078502860966419
2021-01-31,SLV,0.014074607780151644
2021-01-31,TLT,0.005437845862400686
2021-02-28,SPY,-1.9521671044719132e-05
2021-02-28,HYG,-0.0006256727964336082
2021-02-28,IEF,0.0006578129880219384
2021-02-28,TLT,0.009318986746513625
2021-02-28,SLV,0.014756134785237827
2021-02-28,SHY,-0.0034073585637883893
2021-02-28,DBC,0.0022908753506329276
2021-02-28,EEM,0.0042738102666624745
2021-02-28,GLD,0.007961406897672031
2021-02-28,VNQ,0.009436261225994265
2021-02-28,IEV,0.004263911574232131
2021-02-28,EFA,0.0027382122047450346
2021-03-31,DBC,0.00372676766090237
2021-03-31,IEF,0.0026685526390145403
2021-03-31,SPY,-0.0026907778205255677
2021-03-31,SLV,0.011597877212472931
2021-03-31,HYG,-0.0023061523202564946
2021-03-31,IEV,-0.0012369880772596102
2021-03-31,TLT,0.012543081576993038
2021-03-31,SHY,-0.0028516625770941494
2021-03-31,EEM,0.0036964943412585794
2021-03-31,GLD,0.008050481264700014
2021-03-31,VNQ,0.001672421266313351
2021-03-31,EFA,-0.0015761372644920537
2021-04-30,TLT,0.01160617769066195
2021-04-30,SLV,0.005256304341629605
2021-04-30,VNQ,0.0025433341207936524
2021-04-30,DBC,0.0034136793932719204
2021-04-30,SPY,0.0008361127817778057
2021-04-30,EFA,0.0007553198540002559
2021-04-30,HYG,-0.000800474284926168
2021-04-30,IEV,0.0005418421922545637
2021-04-30,SHY,-0.0027481956511878998
2021-04-30,GLD,0.008174709812669607
2021-04-30,EEM,0.005882833334109685
2021-04-30,IEF,0.002515177717575273
2021-05-31,VNQ,0.004151538800403319
2021-05-31,GLD,0.005395753507026575
2021-05-31,DBC,0.005976663700930324
2021-05-31,HYG,-0.0004884041644228681
2021-05-31,SLV,0.008049841559032078
2021-05-31,IEV,0.0023013448029216
2021-05-31,TLT,0.008693189546322365
2021-05-31,SPY,0.0017241385160486743
2021-05-31,IEF,0.001590317581952612
2021-05-31,EFA,0.002483874402501543
2021-05-31,SHY,-0.0026825871120228677
2021-05-31,EEM,0.00597502156399532
2021-06-30,EFA,0.0029627441496721226
2021-06-30,HYG,-0.001662103213598787
2021-06-30,IEF,0.0015463448961417128
2021-06-30,EEM,0.0028191284182333106
2021-06-30,SLV,0.009100272750991402
2021-06-30,SPY,-0.00011217830102511293
2021-06-30,TLT,0.008086553539234582
2021-06-30,VNQ,0.00356039972927527
2021-06-30,DBC,0.0003928161337939124
2021-06-30,GLD,0.008253633260776843
2021-06-30,IEV,0.003329583595174215
2021-06-30,SHY,-0.0022645379426686403
2021-07-31,IEV,0.0030463275309223744
2021-07-31,VNQ,0.003610919666379858
2021-07-31,SLV,0.013868107895514984
2021-07-31,GLD,0.0088502135743074
2021-07-31,DBC,0.003285420337001739
2021-07-31,EEM,0.007501540468399565
2021-07-31,HYG,-0.0006246957715707853
2021-07-31,IEF,0.0019738536894794633
2021-07-31,SHY,-0.002185594083679737
2021-07-31,SPY,0.00046474374682731754
2021-07-31,TLT,0.009796953680646335
2021-07-31,EFA,0.002692758574825845
2021-08-31,SPY,0.0003229071141599483
2021-08-31,HYG,-0.0007216871946415671
2021-08-31,IEF,0.001872076737423717
2021-08-31,VNQ,0.00197957165459334
2021-08-31,SLV,0.01715195960407445
2021-08-31,IEV,0.0030437845003023264
2021-08-31,SHY,-0.0022030542904886985
2021-08-31,GLD,0.009149514112874624
2021-08-31,EEM,0.007248016030059519
2021-08-31,TLT,0.009021583591805798
2021-08-31,EFA,0.0027332621043242612
2021-08-31,DBC,0.006945867272275627
2021-09-30,VNQ,0.003481802955220694
2021-09-30,IEF,0.002052911504276978
2021-09-30,GLD,0.008817562134985541
2021-09-30,SHY,-0.002396786916380005
2021-09-30,EEM,0.008741859098874247
2021-09-30,DBC,0.004058508772687128
2021-09-30,SPY,0.001552981210833619
2021-09-30,TLT,0.009661878179950678
2021-09-30,IEV,0.0037466979107148093
2021-09-30,EFA,0.003399609706705709
2021-09-30,SLV,0.01737514803292067
2021-09-30,HYG,-0.000769873425759736
2021-10-31,VNQ,0.0017987973548484323
2021-10-31,SHY,-0.0021071702044941428
2021-10-31,EEM,0.007762935240896199
2021-10-31,IEV,0.0014256101556560461
2021-10-31,EFA,0.0017160764861576267
2021-10-31,IEF,0.0017062183035402804
2021-10-31,HYG,-0.0006384519873843557
2021-10-31,TLT,0.008756211930322746
2021-10-31,DBC,0.0015150982317603924
2021-10-31,GLD,0.009202575266941102
2021-10-31,SPY,0.0004746401144574814
2021-10-31,SLV,0.01698364482805456
2021-11-30,SHY,-0.0019495251643599626
2021-11-30,TLT,0.010634971102450624
2021-11-30,IEF,0.002648338702842099
2021-11-30,EEM,0.009119025757785879
2021-11-30,DBC,0.007631284120959998
2021-11-30,SPY,0.0035469847121351056
2021-11-30,VNQ,0.004826201841048283
2021-11-30,SLV,0.014753431830976403
2021-11-30,EFA,0.005495794616300949
2021-11-30,IEV,0.005604287139807317
2021-11-30,GLD,0.007671007392131783
2021-11-30,HYG,0.0004524630185703377
2021-12-31,SHY,-0.0020697045830811575
2021-12-31,EEM,0.010035482753682353
2021-12-31,SPY,0.004342072246069434
2021-12-31,VNQ,0.004345032891254712
2021-12-31,SLV,0.013812787074838804
2021-12-31,HYG,0.0007787331479609493
2021-12-31,EFA,0.006492668549208871
2021-12-31,DBC,0.007870790382136044
2021-12-31,TLT,0.010341844143734267
2021-12-31,GLD,0.0065083572295043315
2021-12-31,IEV,0.006060525205541201
2021-12-31,IEF,0.0023345576271230004
2022-01-31,HYG,0.0008796819865436621
2022-01-31,SPY,0.007500566189389241
2022-01-31,EEM,0.012184759350568456
2022-01-31,SHY,-0.0022841308812006
2022-01-31,EFA,0.007343960565908159
2022-01-31,GLD,0.006596198234109472
2022-01-31,VNQ,0.008284786469121964
2022-01-31,IEF,0.0025577765585803177
2022-01-31,IEV,0.0068347536753096075
2022-01-31,DBC,0.006908682143888191
2022-01-31,SLV,0.015583731131758757
2022-01-31,TLT,0.010672247641073163
2022-02-28,GLD,0.004376759692598183
2022-02-28,IEF,0.00182868842422706
2022-02-28,EEM,0.012850371934323666
2022-02-28,SHY,-0.0023571068607795963
2022-02-28,TLT,0.008726104113554383
2022-02-28,DBC,0.003428910763960429
2022-02-28,EFA,0.009708147450361667
2022-02-28,SPY,0.010366183371757544
2022-02-28,VNQ,0.010412086558214965
2022-02-28,HYG,0.001217443732924449
2022-02-28,SLV,0.013294157563930716
2022-02-28,IEV,0.010531047104910006
2022-03-31,SHY,-0.0023585702125853455
2022-03-31,SLV,0.015072858047509751
2022-03-31,GLD,0.00789087259152712
2022-03-31,EEM,0.019029581565427445
2022-03-31,IEV,0.017277845205408968
2022-03-31,VNQ,0.010802283793108219
2022-03-31,EFA,0.013909734748996861
2022-03-31,TLT,0.010516082712360778
2022-03-31,SPY,0.012116779830589591
2022-03-31,DBC,0.01685854034347533
2022-03-31,HYG,0.0031715472452561195
2022-03-31,IEF,0.003216561589615319
2022-04-30,TLT,0.010496526468798551
2022-04-30,VNQ,0.011420460217085142
2022-04-30,HYG,0.003910358144104715
2022-04-30,GLD,0.007244009273498024
2022-04-30,SLV,0.013385118771048515
2022-04-30,EEM,0.017006644845133326
2022-04-30,IEV,0.016536005908221584
2022-04-30,SHY,-0.0023043263400759012
2022-04-30,SPY,0.013106161184069959
2022-04-30,DBC,0.01698214937042209
2022-04-30,IEF,0.003354335520948882
2022-04-30,EFA,0.01348841102218791
2022-05-31,EFA,0.012888905405702662
2022-05-31,IEV,0.014690145305448814
2022-05-31,EEM,0.017281405091780073
2022-05-31,SPY,0.01454421268716409
2022-05-31,DBC,0.016307600657849815
2022-05-31,SHY,-0.002438853536889951
2022-05-31,GLD,0.007193632978266885
2022-05-31,SLV,0.01421157558978486
2022-05-31,TLT,0.010165784505524272
2022-05-31,IEF,0.002794676592577672
2022-05-31,VNQ,0.013199476905721364
2022-05-31,HYG,0.0047548502102592255
2022-06-30,EEM,0.011712756448544217
2022-06-30,SPY,0.014390146272656532
2022-06-30,DBC,0.010521890969607955
2022-06-30,VNQ,0.013682085443737911
2022-06-30,SLV,0.012711185018690077
2022-06-30,HYG,0.005366134161260511
2022-06-30,IEV,0.01293105506522926
2022-06-30,SHY,-0.0021367879438706204
2022-06-30,EFA,0.011464339224712572
2022-06-30,TLT,0.00955364640262912
2022-06-30,GLD,0.0046407325405580955
2022-06-30,IEF,0.002958897289511318
2022-07-31,SPY,0.011986259219214729
2022-07-31,EFA,0.010458997842350784
2022-07-31,SLV,0.012593600384396577
2022-07-31,GLD,0.00415387980491664
2022-07-31,VNQ,0.011118308961441517
2022-07-31,IEV,0.012074297995857897
2022-07-31,HYG,0.004735169340380332
2022-07-31,TLT,0.007688677586936373
2022-07-31,IEF,0.002318524455438533
2022-07-31,EEM,0.009924313371093448
2022-07-31,SHY,-0.0022535201958394646
2022-07-31,DBC,0.013089066807005223
2022-08-31,DBC,0.01064716544738301
2022-08-31,HYG,0.0038249415840866372
2022-08-31,VNQ,0.00803069610698902
2022-08-31,EEM,0.0063091054283570275
2022-08-31,TLT,0.006433183351672575
2022-08-31,GLD,0.003175424239890755
2022-08-31,SLV,0.010227532198099222
2022-08-31,SPY,0.008343963137555364
2022-08-31,IEF,0.0018460009108695612
2022-08-31,EFA,0.007574576921238996
2022-08-31,SHY,-0.0022873196053824277
2022-08-31,IEV,0.008955355520581758
2022-09-30,IEF,0.002044680111270024
2022-09-30,SHY,-0.0024908395510963074
2022-09-30,EEM,0.005339647786701736
2022-09-30,DBC,0.009167125590869036
2022-09-30,IEV,0.008151014908095357
2022-09-30,SPY,0.007672862206911298
2022-09-30,VNQ,0.008016937319573321
2022-09-30,TLT,0.007139173181622287
2022-09-30,EFA,0.007069065731736809
2022-09-30,SLV,0.012066389024988527
2022-09-30,HYG,0.0031208750404034245
2022-09-30,GLD,0.0031054430151762733
2022-10-31,SLV,0.015967488102681265
2022-10-31,EFA,0.009187584686788486
2022-10-31,SHY,-0.002538007137947803
2022-10-31,EEM,0.008186775173241408
2022-10-31,GLD,0.004246418334380232
2022-10-31,DBC,0.009275648899396409
2022-10-31,IEV,0.010831422235454427
2022-10-31,IEF,0.0020921298604553423
2022-10-31,SPY,0.010216149729733327
2022-10-31,VNQ,0.011403687852677232
2022-10-31,HYG,0.0041506815571948075
2022-10-31,TLT,0.007523060701853211
2022-11-30,DBC,0.009019232593611808
2022-11-30,IEV,0.015649399569963605
2022-11-30,HYG,0.006623928362332655
2022-11-30,VNQ,0.017396962724443212
2022-11-30,EFA,0.014041652263529106
2022-11-30,TLT,0.01206264428132767
2022-11-30,SHY,-0.0017382743001815467
2022-11-30,GLD,0.007110927620263337
2022-11-30,IEF,0.0045197981910723335
2022-11-30,EEM,0.014146861756557574
2022-11-30,SPY,0.014286998791752239
2022-11-30,SLV,0.020788946707192075
2022-12-31,HYG,0.005480313079956118
2022-12-31,EFA,0.011127336095507912
2022-12-31,EEM,0.012420339505115712
2022-12-31,DBC,0.007205212246767039
2022-12-31,VNQ,0.015608270759582352
2022-12-31,IEV,0.01227704398583412
2022-12-31,SHY,-0.0017264757878807501
2022-12-31,TLT,0.011690017414177231
2022-12-31,SPY,0.012502246840143932
2022-12-31,GLD,0.006501328000746689
2022-12-31,SLV,0.016884226182179045
2022-12-31,IEF,0.003558126258377787
2023-01-31,HYG,0.004810631782125271
2023-01-31,SPY,0.010490391093062535
2023-01-31,EFA,0.009318551530033352
2023-01-31,SLV,0.015958741203891447
2023-01-31,IEV,0.009846751866091151
2023-01-31,TLT,0.011961491707350343
2023-01-31,GLD,0.005817806889618545
2023-01-31,SHY,-0.0016097507823196685
2023-01-31,VNQ,0.013765503822756923
2023-01-31,IEF,0.003876617306417864
2023-01-31,EEM,0.010962404573717454
2023-01-31,DBC,0.008140202929294356
2023-02-28,DBC,0.007469609833914027
2023-02-28,EFA,0.005533960138314082
2023-02-28,VNQ,0.010503244677410246
2023-02-28,HYG,0.0037377247746960196
2023-02-28,TLT,0.010859450391685744
2023-02-28,SHY,-0.001647471698167423
2023-02-28,SLV,0.01441890377892384
2023-02-28,SPY,0.007710656338351125
2023-02-28,GLD,0.00585221020867358
2023-02-28,IEF,0.003476116175316901
2023-02-28,IEV,0.0058339852057971014
2023-02-28,EEM,0.008107604306347766
2023-03-31,SLV,0.013666469672746978
2023-03-31,IEV,0.007242418539772009
2023-03-31,DBC,0.0074365617080571975
2023-03-31,EFA,0.006325195139716709
2023-03-31,TLT,0.009890515891453582
2023-03-31,GLD,0.006655468454566195
2023-03-31,IEF,0.004097745282735532
2023-03-31,SHY,-0.0006589168104834081
2023-03-31,VNQ,0.012773810229560983
2023-03-31,EEM,0.0074430770662795
2023-03-31,SPY,0.007831188600648143
2023-03-31,HYG,0.0033373026451597376
2023-04-30,SPY,0.005982700947971457
2023-04-30,DBC,0.0070899041355805825
2023-04-30,HYG,0.0025794008515263173
2023-04-30,IEV,0.006026107066555077
2023-04-30,TLT,0.008240776232631069
2023-04-30,SLV,0.01206997372966232
2023-04-30,EEM,0.006405164043733497
2023-04-30,GLD,0.006265194009436124
2023-04-30,IEF,0.0034075247998812492
2023-04-30,VNQ,0.010812829240560456
2023-04-30,SHY,-0.0006638568853111568
2023-04-30,EFA,0.004989519669139374
2023-05-31,IEV,0.0065974088525658945
2023-05-31,GLD,0.006058798470747894
2023-05-31,VNQ,0.010695366195839464
2023-05-31,IEF,0.0037166147900047552
2023-05-31,EFA,0.005417293516190074
2023-05-31,TLT,0.008369492072439675
2023-05-31,SLV,0.012222002525457864
2023-05-31,SHY,-0.0004568538652997508
2023-05-31,HYG,0.0018728383174616246
2023-05-31,EEM,0.0063259261460810135
2023-05-31,SPY,0.0054583754009602066
2023-05-31,DBC,0.008446125542695998
2023-06-30,EEM,0.005750943417976525
2023-06-30,SHY,-0.0013281576878404516
2023-06-30,SPY,0.0026376242032304298
2023-06-30,VNQ,0.007687894069770565
2023-06-30,GLD,0.0036362138071400953
2023-06-30,DBC,0.00816120908420838
2023-06-30,IEF,0.0025000663088116156
2023-06-30,SLV,0.009143418216156317
2023-06-30,TLT,0.007076787845916902
2023-06-30,IEV,0.003679960049562922
2023-06-30,HYG,0.000310049778615578
2023-06-30,EFA,0.0036530163526037277
2023-07-31,SHY,-0.001774619253707396
2023-07-31,HYG,0.00085404952054975
2023-07-31,SPY,0.0020194181357759532
2023-07-31,IEF,0.0020078029850911314
2023-07-31,EFA,0.004058908135089321
2023-07-31,SLV,0.010457315428046197
2023-07-31,VNQ,0.007167800732181318
2023-07-31,TLT,0.005567795873469225
2023-07-31,IEV,0.004190141861229064
2023-07-31,DBC,0.006729393962551012
2023-07-31,GLD,0.0024184729438296903
2023-07-31,EEM,0.005955334724974425
2023-08-31,IEF,0.0015528403744648365
2023-08-31,IEV,0.0034201023839391205
2023-08-31,VNQ,0.005227669748382717
2023-08-31,EFA,0.003342901658699664
2023-08-31,DBC,0.004246937999832751
2023-08-31,HYG,4.3245568200672626e-05
2023-08-31,EEM,0.00565695399223459
2023-08-31,GLD,0.0007275888021458041
2023-08-31,TLT,0.006391543069634632
2023-08-31,SPY,0.0013565888826182594
2023-08-31,SLV,0.00850826927905762
2023-08-31,SHY,-0.0024102775275269654
2023-09-30,EFA,0.0018437132915226587
2023-09-30,IEV,0.0018911220464895833
2023-09-30,TLT,0.006461250271129031
2023-09-30,GLD,0.0008061752850473088
2023-09-30,EEM,0.0045295794369139206
2023-09-30,DBC,0.0018980563118449626
2023-09-30,HYG,-0.00028314988064298465
2023-09-30,SLV,0.008794080302250928
2023-09-30,IEF,0.0009973722487258913
2023-09-30,SPY,0.0013962179983340334
2023-09-30,SHY,-0.002575002462506827
2023-09-30,VNQ,0.0049630975815766944
2023-10-31,SHY,-0.0020859304758007002
2023-10-31,GLD,0.0022461718650537282
2023-10-31,SPY,0.0034866222901683928
2023-10-31,EEM,0.004137116784862815
2023-10-31,SLV,0.008720970065667044
2023-10-31,DBC,0.004468290457986902
2023-10-31,VNQ,0.007732192279532158
2023-10-31,IEF,0.00183767737423141
2023-10-31,IEV,0.00362111980050473
2023-10-31,TLT,0.008582145049367265
2023-10-31,HYG,0.00041342417603588283
2023-10-31,EFA,0.0032036702431803036
2023-11-30,SLV,0.00937993893886382
2023-11-30,IEV,0.004681155150473284
2023-11-30,HYG,0.0012875734569666548
2023-11-30,EEM,0.005678328045788765
2023-11-30,IEF,0.002848422406576773
2023-11-30,SPY,0.0040475913692822555
2023-11-30,VNQ,0.010686590974476787
2023-11-30,DBC,0.006751865138213235
2023-11-30,GLD,0.003573402850184827
2023-11-30,TLT,0.009951027681042482
2023-11-30,SHY,-0.0014617827852263625
2023-11-30,EFA,0.004512639569588465
2023-12-31,SPY,0.002827763158663135
2023-12-31,SHY,-0.0012689331003828586
2023-12-31,EFA,0.004225228593191175
2023-12-31,EEM,0.006242972403772799
2023-12-31,VNQ,0.009881331958624381
2023-12-31,IEV,0.0041422809628349445
2023-12-31,GLD,0.004771259559220602
2023-12-31,HYG,0.0009171804373577872
2023-12-31,IEF,0.002735229537405976
2023-12-31,SLV,0.011152740189580897
2023-12-31,DBC,0.008445997751408587
2023-12-31,TLT,0.009176904400956719
2024-01-31,SHY,-0.0010651618549495595
2024-01-31,EEM,0.0069443860739382655
2024-01-31,IEV,0.004238706226358532
2024-01-31,SLV,0.010944198903816016
2024-01-31,HYG,0.0010437560043856688
2024-01-31,DBC,0.007664787154121616
2024-01-31,TLT,0.007559432729057566
2024-01-31,GLD,0.004341312526291295
2024-01-31,EFA,0.004268016686934312
2024-01-31,SPY,0.0024707148234757387
2024-01-31,VNQ,0.009649321778958008
2024-01-31,IEF,0.0023742773130371493
2024-02-29,HYG,0.0008090657173815182
2024-02-29,SHY,-0.001022248673511277
2024-02-29,IEV,0.004053513978495389
2024-02-29,EEM,0.00633647460393196
2024-02-29,SPY,0.002612868516577535
2024-02-29,TLT,0.0069610315566577905
2024-02-29,IEF,0.002138448264875063
2024-02-29,GLD,0.0035508088553988706
2024-02-29,VNQ,0.007970317171289591
2024-02-29,DBC,0.006507333161605303
2024-02-29,EFA,0.003845635485469112
2024-02-29,SLV,0.01017741514082535
2024-03-31,DBC,0.004310773991824002
2024-03-31,IEV,0.003876430533766689
2024-03-31,HYG,0.0005689481821401182
2024-03-31,SLV,0.010361432912945799
2024-03-31,SHY,-0.0009596285287117095
2024-03-31,IEF,0.0019429007798313063
2024-03-31,GLD,0.003545466067516134
2024-03-31,EEM,0.005273762047754534
2024-03-31,SPY,0.003181102383923989
2024-03-31,VNQ,0.007420453451480268
2024-03-31,TLT,0.0059571546375517615
2024-03-31,EFA,0.0033372975218688697
2024-04-30,EFA,0.003926274092810545
2024-04-30,SHY,-0.0008014246630084435
2024-04-30,DBC,0.003570716141540857
2024-04-30,SPY,0.00400980880317718
2024-04-30,SLV,0.01327555472811891
2024-04-30,VNQ,0.008500364822753232
2024-04-30,IEF,0.002168553063123463
2024-04-30,TLT,0.005983696278085036
2024-04-30,IEV,0.004294368616468314
2024-04-30,EEM,0.00527882182793347
2024-04-30,GLD,0.005398802119236063
2024-04-30,HYG,0.0009460890077128011
2024-05-31,VNQ,0.008441579346250942
2024-05-31,TLT,0.0057463927265314066
2024-05-31,IEF,0.0022267179988083546
2024-05-31,HYG,0.0011575670299194805
2024-05-31,SLV,0.01626635892324321
2024-05-31,DBC,0.004581729252729042
2024-05-31,EEM,0.005024043224066434
2024-05-31,GLD,0.006534613716485912
2024-05-31,SPY,0.003838775640116681
2024-05-31,SHY,-0.0005483485651088618
2024-05-31,IEV,0.004408644370820342
2024-05-31,EFA,0.0041519154905794095
2024-06-30,GLD,0.0077630991834660035
2024-06-30,EFA,0.005641899730406529
2024-06-30,SLV,0.01844963799750129
2024-06-30,VNQ,0.007703270261595542
2024-06-30,TLT,0.006729708642347265
2024-06-30,IEV,0.006309626033463887
2024-06-30,DBC,0.005234210790710281
2024-06-30,SHY,-0.00034130980959847694
2024-06-30,SPY,0.00388267325294809
2024-06-30,IEF,0.002621215779070406
2024-06-30,HYG,0.001270131366653222
2024-06-30,EEM,0.005859953189940511
2024-07-31,EEM,0.005893986320586058
2024-07-31,SPY,0.004376775575754214
2024-07-31,VNQ,0.006643437926535286
2024-07-31,EFA,0.006093534135710604
2024-07-31,SLV,0.01922368802720505
2024-07-31,GLD,0.00798954611200289
2024-07-31,DBC,0.006468089354737105
2024-07-31,HYG,0.0011327976020790633
2024-07-31,IEV,0.006815460584244331
2024-07-31,IEF,0.002613899134525065
2024-07-31,TLT,0.006799276033215409
2024-07-31,SHY,-1.4130575317285133e-05
2024-08-31,VNQ,0.0066968318743063976
2024-08-31,GLD,0.007877839441372082
2024-08-31,DBC,0.006850566616577549
2024-08-31,IEF,0.0029695626325733715
2024-08-31,EEM,0.007376009971632611
2024-08-31,EFA,0.007705083985336511
2024-08-31,TLT,0.007521587106190314
2024-08-31,SLV,0.017095349866432446
2024-08-31,HYG,0.0012996683674937823
2024-08-31,IEV,0.0075529912756511506
2024-08-31,SHY,0.00015642038672397272
2024-08-31,SPY,0.006765965126521449
2024-09-30,GLD,0.00690333952464699
2024-09-30,HYG,0.0012958664307744518
2024-09-30,SHY,4.5759788794462724e-05
2024-09-30,VNQ,0.0067117371807910225
2024-09-30,EEM,0.009721170034269876
2024-09-30,TLT,0.00616439050477119
2024-09-30,SLV,0.01613185651335526
2024-09-30,EFA,0.007898660798016446
2024-09-30,IEV,0.00705294747037924
2024-09-30,DBC,0.007581820559938629
2024-09-30,SPY,0.007673943836588203
2024-09-30,IEF,0.0022025932842757267
2024-10-31,SHY,-0.0002664822832205235
2024-10-31,TLT,0.0044538987184105806
2024-10-31,EFA,0.005867170383796622
2024-10-31,HYG,0.0006969788347576278
2024-10-31,IEV,0.005499241081529545
2024-10-31,GLD,0.004834020040474109
2024-10-31,SPY,0.004853298880591399
2024-10-31,EEM,0.008429689236270105
2024-10-31,VNQ,0.0047387686511792945
2024-10-31,SLV,0.01523807657437785
2024-10-31,IEF,0.0014343334801764631
2024-10-31,DBC,0.008687731008573951
2024-11-30,GLD,0.006668571674701682
2024-11-30,HYG,0.0005880147153104307
2024-11-30,SPY,0.004120529163092441
2024-11-30,TLT,0.006278192638621298
2024-11-30,IEV,0.005988904729156004
2024-11-30,VNQ,0.00578227899345189
2024-11-30,SHY,-0.00021528195480100768
2024-11-30,EFA,0.005798196166974279
2024-11-30,SLV,0.015763768196435907
2024-11-30,EEM,0.008694323709257806
2024-11-30,DBC,0.008657742539309291
2024-11-30,IEF,0.002048850467620869
2024-12-31,HYG,0.0015087886384113815
2024-12-31,SLV,0.013912531312160126
2024-12-31,IEV,0.005507026615983668
2024-12-31,SHY,-8.060867859726868e-05
2024-12-31,EEM,0.006899100535368211
2024-12-31,VNQ,0.007799744943600045
2024-12-31,SPY,0.004972366674421591
2024-12-31,DBC,0.009106689913684112
2024-12-31,GLD,0.006938752373595724
2024-12-31,IEF,0.0024054446803456492
2024-12-31,TLT,0.007105362426091209
2024-12-31,EFA,0.005332381730763808
2025-01-31,SLV,0.011894165674502463
2025-01-31,DBC,0.00832009959118115
2025-01-31,TLT,0.0070764592644622605
2025-01-31,HYG,0.0017803824988018076
2025-01-31,EEM,0.0073800864452328524
2025-01-31,VNQ,0.008977955145725369
2025-01-31,SPY,0.005892741409262143
2025-01-31,GLD,0.007421602210149268
2025-01-31,SHY,3.129189195128358e-05
2025-01-31,IEF,0.0026857489250788017
2025-01-31,EFA,0.00601811470956611
2025-01-31,IEV,0.006147325435213332
2025-02-28,SHY,0.0002258141282238575
2025-02-28,VNQ,0.008412967299143797
2025-02-28,SLV,0.01019633250231054
2025-02-28,TLT,0.0062800300155516076
2025-02-28,DBC,0.007895116098270302
2025-02-28,EEM,0.007309965904540505
2025-02-28,EFA,0.005856472855503905
2025-02-28,IEV,0.006073258432836538
2025-02-28,HYG,0.0019527570039164135
2025-02-28,IEF,0.0026056796685725936
2025-02-28,GLD,0.006206061270300713
2025-02-28,SPY,0.006328057654072187
2025-03-31,IEF,0.002588273318243852
2025-03-31,EEM,0.008188405214460882
2025-03-31,SPY,0.008015012321617151
2025-03-31,GLD,0.006243852105558223
2025-03-31,VNQ,0.008697671790194025
2025-03-31,EFA,0.006966516747080232
2025-03-31,SLV,0.010180256086952121
2025-03-31,TLT,0.005973438936284724
2025-03-31,IEV,0.007592233782848235
2025-03-31,DBC,0.005671214690860165
2025-03-31,HYG,0.0017557361242820525
2025-03-31,SHY,0.00018901190724874824
2025-04-30,VNQ,0.012696801976224954
2025-04-30,SPY,0.017493561055242433
2025-04-30,EEM,0.01370124645185677
2025-04-30,IEF,0.0032526448965261453
2025-04-30,SHY,0.00045388313893095396
2025-04-30,GLD,0.010281475337444109
2025-04-30,EFA,0.01376403608799145
2025-04-30,SLV,0.01445709548426747
2025-04-30,HYG,0.0044438993461813755
2025-04-30,IEV,0.013633717038959924
2025-04-30,TLT,0.007993111884192524
2025-04-30,DBC,0.009453048459019557
2025-05-31,DBC,0.009932562078569719
2025-05-31,IEF,0.0032887914367867623
2025-05-31,SPY,0.018447183883394624
2025-05-31,EEM,0.013802651188277736
2025-05-31,IEV,0.013711841687058978
2025-05-31,SHY,0.00046758968535486924
2025-05-31,HYG,0.004628542095075002
2025-05-31,GLD,0.012929509128259669
2025-05-31,TLT,0.007710315043067674
2025-05-31,VNQ,0.013644882465151473
2025-05-31,SLV,0.015358634087562474
2025-05-31,EFA,0.014039646838304259
2025-06-30,TLT,0.00836289363513646
2025-06-30,SLV,0.01734926443114823
2025-06-30,EEM,0.014116783503705117
2025-06-30,GLD,0.014067710805863581
2025-06-30,IEF,0.0034809726856004624
2025-06-30,EFA,0.014296141312894663
2025-06-30,SHY,0.00043130163010272394
2025-06-30,VNQ,0.013323092093306402
2025-06-30,IEV,0.013975436774528407
2025-06-30,SPY,0.01835192425781807
2025-06-30,DBC,0.012499602488017982
2025-06-30,HYG,0.004598738607056424
2025-07-31,SHY,1.4666231723217855e-06
2025-07-31,SPY,0.006205925365864085
2025-07-31,GLD,0.010766592833079515
2025-07-31,TLT,0.00653416226929412
2025-07-31,IEV,0.007225758581423285
2025-07-31,IEF,0.0026267744453162684
2025-07-31,HYG,0.0014381289907910888
2025-07-31,VNQ,0.00809057626410712
2025-07-31,SLV,0.01477583481979991
2025-07-31,EEM,0.006242143740142126
2025-07-31,EFA,0.006696606126266455
2025-07-31,DBC,0.009474228529927414
2025-08-31,EEM,0.006837295266085798
2025-08-31,TLT,0.005863565144036202
2025-08-31,SPY,0.005395619117288842
2025-08-31,HYG,0.0014010891483278278
2025-08-31,EFA,0.007271290115662455
2025-08-31,GLD,0.0077203462770294076
2025-08-31,VNQ,0.007865365822019894
2025-08-31,SHY,9.169380186809092e-05
2025-08-31,IEF,0.0023998365029714443
2025-08-31,DBC,0.009044938643775178
2025-08-31,IEV,0.007730058846606665
2025-08-31,SLV,0.013324990521906836
2025-09-30,EFA,0.007037339111002426
2025-09-30,DBC,0.006611114359496448
2025-09-30,IEF,0.0024785583024903635
2025-09-30,SLV,0.01401943830526176
2025-09-30,VNQ,0.00836112595677583
2025-09-30,HYG,0.0016163738144162275
2025-09-30,EEM,0.006084166053306337
2025-09-30,GLD,0.00813141713213502
2025-09-30,SPY,0.005033053013754001
2025-09-30,IEV,0.007455853529206019
2025-09-30,TLT,0.0062496753289080316
2025-09-30,SHY,0.0002952404814667199
2025-10-31,SPY,0.006439220187991796
2025-10-31,DBC,0.0077167061012513305
2025-10-31,EFA,0.006273934400313694
2025-10-31,VNQ,0.008814254706219393
2025-10-31,TLT,0.005968187214767058
2025-10-31,SHY,0.0004235809805571483
2025-10-31,IEF,0.0022974248011306832
2025-10-31,HYG,0.0020470720823207284
2025-10-31,SLV,0.02042846226835098
2025-10-31,IEV,0.0062964270419812885
2025-10-31,EEM,0.009500683556160648
2025-10-31,GLD,0.014557733113694531
2025-11-30,HYG,0.0018653231278324047
2025-11-30,SHY,4.133675824466237e-05
2025-11-30,IEV,0.0076131669279557775
2025-11-30,VNQ,0.008902626466391119
2025-11-30,DBC,0.008468306500057093
2025-11-30,SPY,0.008082149863245082
2025-11-30,EFA,0.007420057906232399
2025-11-30,TLT,0.00575934056999626
2025-11-30,GLD,0.01633739106083333
2025-11-30,SLV,0.025551359968160416
2025-11-30,EEM,0.010564628978461284
2025-11-30,IEF,0.0019967207771372495
2025-12-31,DBC,0.009658000947314473
2025-12-31,TLT,0.005175616400328083
2025-12-31,SHY,-0.0004094120680441049
2025-12-31,GLD,0.022368885294759427
2025-12-31,IEF,0.0018167990072598139
2025-12-31,VNQ,0.008128396782493212
2025-12-31,EEM,0.013120927183523388
2025-12-31,SLV,0.05010304706923519
2025-12-31,HYG,0.0016218437259464817
2025-12-31,IEV,0.009056395389286436
2025-12-31,SPY,0.009982051163701385
2025-12-31,EFA,0.009026765409817245
2026-01-31,IEV,0.011013037002411612
2026-01-31,TLT,0.005252838715440927
2026-01-31,VNQ,0.007727200319722034
2026-01-31,HYG,0.0008704861600135226
2026-01-31,DBC,0.012297746400176168
2026-01-31,EFA,0.010722072261293996
2026-01-31,SLV,0.0811323750453281
2026-01-31,EEM,0.01345773632725744
2026-01-31,SHY,-0.0005129052263519599
2026-01-31,GLD,0.029105350927401193
2026-01-31,SPY,0.008847271928433676
2026-01-31,IEF,0.001685631074180714
2026-02-28,GLD,0.029369559684988424
2026-02-28,IEV,0.009207654206237698
2026-02-28,VNQ,0.00812442550238398
2026-02-28,DBC,0.014823674266735455
2026-02-28,SLV,0.07786095631238227
2026-02-28,TLT,0.005963002370417916
2026-02-28,EEM,0.012721635422451553
2026-02-28,EFA,0.009244721758418414
2026-02-28,HYG,0.0014091251945328865
2026-02-28,SPY,0.007741010078290587
2026-02-28,IEF,0.0026077399395892722
2026-02-28,SHY,0.0005719790592779626
