Date,SPY,HYG,EFA,EEM,TLT,GLD,SLV,DBC,VNQ,IBIT,IEV,XGLU,IEF,SHY
2024-01-11,476.35,77.62,74.76,39.06,96.71,187.87,20.82,21.98,86.55,26.63,52.09,65.345,95.97,82.17
2024-01-12,476.68,77.7,75.07,39.2,96.52,189.71,21.19,22.06,87.07,24.97,52.2,65.685,96.23,82.34
2024-01-16,474.93,77.21,73.81,38.25,94.82,187.91,20.96,21.87,86.43,24.72,51.25,65.37,95.45,82.21
2024-01-17,472.29,76.88,73.11,37.68,94.67,185.84,20.65,21.84,84.85,24.41,50.86,65.11,95.14,82.05
2024-01-18,476.49,77.04,73.76,37.99,93.79,187.37,20.81,21.98,84.39,23.34,51.33,65.02,94.93,82.09
2024-01-19,482.43,77.17,73.93,38.39,94.09,187.93,20.67,21.94,85.4,23.8,51.42,65.09,94.94,82.03
2024-01-22,483.45,77.23,74.16,38.05,94.65,187.22,20.22,22.03,85.91,22.95,51.45,65.27,95.23,82.07
2024-01-23,484.86,77.14,73.95,38.38,93.9,187.95,20.53,22.15,85.32,22.32,51.31,64.96,94.99,82.06
2024-01-24,485.39,77.1,74.51,38.81,93.35,186.4,20.71,22.34,84.1,22.6,51.81,65.05,94.72,82.02
2024-01-25,488.03,77.69,74.72,38.86,93.96,187.14,20.94,22.51,85.18,22.76,52.06,65.32,95.13,82.17
2024-01-26,487.41,77.63,75.05,38.89,93.78,187.01,20.86,22.61,84.94,23.99,52.58,65.29,94.96,82.12
2024-01-29,491.27,77.8,75.49,38.91,94.86,188.33,21.21,22.42,85.5,24.67,52.73,65.565,95.53,82.2
2024-01-30,490.89,77.7,75.39,38.6,95.72,188.59,21.19,22.57,84.7,24.88,52.78,65.36,95.66,82.15
2024-01-31,482.88,77.48,75.01,38.39,96.66,188.45,20.91,22.33,83.89,24.3,52.37,65.825,96.46,82.3
2024-02-01,489.2,77.54,75.75,38.76,98.24,190.41,21.21,22.06,85.41,24.54,52.89,65.845,96.82,82.18
2024-02-02,494.35,77.19,75.15,38.65,96.07,188.61,20.75,21.81,84.35,24.5,52.38,65.47,95.56,81.92
2024-02-05,492.55,76.83,74.75,38.7,94.13,187.57,20.47,21.9,82.58,24.19,52.12,65.11,94.63,81.76
2024-02-06,493.98,77.11,75.21,39.58,95.05,188.55,20.51,21.98,83.69,24.6,52.51,65.17,95.14,81.89
2024-02-07,498.1,77.24,75.17,39.63,94.59,188.5,20.33,22.08,83.57,25.22,52.37,65.155,94.97,81.86
2024-02-08,498.32,77.2,75.04,39.41,94.04,188.33,20.65,22.2,84.25,26.03,52.36,64.94,94.66,81.84
2024-02-09,501.2,77.36,75.3,39.58,93.85,187.6,20.68,22.26,84.38,27.15,52.51,64.85,94.49,81.81
2024-02-12,500.98,77.19,75.43,39.89,93.96,187.11,20.76,22.27,84.4,28.66,52.49,64.98,94.58,81.82
2024-02-13,494.08,76.57,74.27,39.14,92.35,184.53,20.2,22.14,82.66,28.22,51.56,64.925,93.54,81.56
2024-02-14,498.57,76.87,75.1,39.7,92.82,184.42,20.44,21.93,83.31,29.55,52.26,65.16,93.89,81.68
2024-02-15,502.01,77.14,75.95,39.89,93.3,185.66,20.94,21.98,85.25,29.52,52.84,65.175,94.15,81.76
2024-02-16,499.51,76.91,76.07,40.08,92.76,186.34,21.39,22.03,84.37,29.62,52.95,65.045,93.74,81.66
2024-02-20,496.76,77.07,76.38,40.14,92.84,187.47,21.07,21.91,84.22,29.67,53.24,65.17,93.9,81.71
2024-02-21,497.21,76.93,76.44,40.21,92.18,187.48,20.96,22.0,84.69,29.08,53.32,64.855,93.6,81.64
2024-02-22,507.5,77.3,77.3,40.62,92.63,187.56,20.82,22.06,84.85,29.72,53.83,64.96,93.61,81.63
2024-02-23,507.85,77.35,77.4,40.6,93.87,188.62,20.99,21.74,84.81,29.16,53.89,65.31,94.04,81.67
2024-02-26,505.99,77.1,77.29,40.42,93.59,188.2,20.62,21.94,83.88,31.12,53.83,64.98,93.9,81.61
2024-02-27,506.93,77.2,77.5,40.5,92.93,188.0,20.57,22.11,83.98,32.59,53.94,64.88,93.69,81.61
2024-02-28,506.26,77.19,77.05,39.97,93.52,188.34,20.55,22.02,84.83,34.45,53.66,64.885,94.03,81.69
2024-02-29,508.08,77.33,77.25,39.99,94.18,189.31,20.73,21.99,85.55,35.42,53.68,65.175,94.22,81.74
2024-03-01,512.85,77.18,78.0,40.48,94.47,192.89,21.17,22.1,86.57,35.99,54.1,65.08,94.4,81.66
2024-03-04,512.3,77.16,77.8,40.39,94.09,196.01,21.86,22.17,87.38,38.65,54.05,65.2,94.19,81.58
2024-03-05,507.18,77.1,77.66,40.03,95.43,197.19,21.67,22.0,86.32,35.32,53.89,65.61,94.77,81.64
2024-03-06,509.75,77.29,78.58,40.61,95.99,198.81,22.1,22.18,86.75,38.29,54.4,65.65,95.0,81.66
2024-03-07,514.81,77.38,79.51,40.86,95.9,199.94,22.24,22.24,86.73,38.63,55.32,65.89,95.16,81.76
2024-03-08,511.72,77.4,79.25,40.82,95.73,201.63,22.23,22.17,87.73,39.55,55.04,66.01,95.23,81.8
2024-03-11,511.28,77.39,78.8,40.91,95.68,202.0,22.35,22.36,87.31,41.12,55.05,65.85,95.11,81.73
2024-03-12,516.78,77.46,79.43,41.36,94.88,199.79,22.09,22.3,87.12,40.73,55.59,65.805,94.72,81.65
2024-03-13,515.97,77.49,79.44,41.23,94.42,201.19,22.79,22.61,86.68,41.95,55.7,65.735,94.51,81.61
2024-03-14,514.95,77.12,78.86,41.02,92.97,200.35,22.73,22.68,85.38,39.51,55.29,65.46,93.81,81.54
2024-03-15,509.83,77.07,78.89,40.77,92.94,199.71,23.03,22.76,85.19,39.39,55.25,65.395,93.65,81.49
2024-03-18,512.86,77.25,78.87,40.84,92.66,200.03,22.91,22.97,85.23,38.14,54.93,65.385,93.54,81.5
2024-03-19,515.71,77.56,79.01,40.64,92.92,199.8,22.79,22.96,85.2,36.7,54.99,65.37,93.81,81.57
2024-03-20,520.48,77.82,79.85,41.1,92.89,202.18,23.29,22.9,85.76,37.55,55.63,65.41,94.03,81.7
2024-03-21,522.2,77.78,79.81,41.15,93.09,201.97,22.65,22.87,86.38,37.15,55.48,65.565,94.04,81.7
2024-03-22,521.21,77.7,79.64,40.86,93.98,200.35,22.56,22.71,84.57,36.41,55.34,65.835,94.5,81.76
2024-03-25,519.77,77.58,79.47,40.89,93.51,200.99,22.58,22.9,84.05,40.55,55.42,65.595,94.25,81.72
2024-03-26,518.81,77.49,79.56,40.86,93.77,201.64,22.34,22.72,83.71,39.63,55.45,65.73,94.39,81.74
2024-03-27,523.17,77.9,80.04,40.93,94.7,203.1,22.51,22.7,85.87,39.13,55.8,65.95,94.75,81.83
2024-03-28,523.07,77.73,79.86,41.08,94.62,205.72,22.75,22.97,86.48,40.47,55.67,65.89,94.66,81.78
2024-04-02,518.84,76.89,78.96,41.28,92.04,210.89,23.84,23.29,83.96,37.6,55.11,65.365,93.33,81.38
2024-04-03,519.41,76.95,79.4,41.31,92.02,212.74,24.73,23.57,84.05,37.54,55.45,65.39,93.44,81.44
2024-04-04,513.07,76.89,78.72,41.16,92.68,211.52,24.49,23.63,83.51,39.08,55.02,65.67,93.76,81.52
2024-04-05,518.43,76.82,78.97,41.25,91.39,215.14,25.03,23.75,83.94,38.41,55.17,65.475,93.14,81.39
2024-04-08,518.72,77.0,79.36,41.52,91.38,216.48,25.4,23.74,84.84,40.95,55.44,65.37,92.93,81.31
2024-04-09,519.32,77.16,79.35,41.8,92.23,217.67,25.72,23.61,85.97,39.33,55.3,65.735,93.3,81.39
2024-04-10,514.12,76.48,78.3,41.23,90.22,215.61,25.45,23.73,82.41,40.0,54.68,65.485,92.06,81.06
2024-04-11,518.0,76.41,78.51,41.48,89.81,219.8,26.01,23.69,82.69,40.17,54.71,65.245,91.93,81.16
2024-04-12,510.85,76.37,77.24,40.53,90.29,216.89,25.63,23.72,81.71,38.14,53.78,65.785,92.31,81.21
2024-04-15,504.45,75.93,77.01,40.27,88.89,220.95,26.41,23.75,80.32,36.08,53.73,65.415,91.72,81.18
2024-04-16,503.53,75.68,76.25,39.74,88.3,221.22,25.8,23.71,79.19,35.75,53.34,65.165,91.36,81.13
2024-04-17,500.55,75.78,76.3,39.71,89.28,219.59,25.85,23.34,78.61,34.76,53.54,65.26,91.94,81.19
2024-04-18,499.52,75.84,76.09,39.87,88.83,220.34,25.86,23.33,78.62,36.21,53.39,65.195,91.62,81.15
2024-04-19,495.16,75.98,76.12,39.71,89.15,221.03,26.2,23.44,79.0,36.67,53.53,65.16,91.74,81.17
2024-04-22,499.72,76.4,77.01,40.14,89.0,215.57,24.93,23.44,79.7,37.93,54.15,65.34,91.75,81.21
2024-04-23,505.65,76.71,77.85,40.47,89.03,215.04,24.99,23.54,80.43,37.9,54.93,65.275,91.87,81.28
2024-04-24,505.41,76.54,77.7,40.61,88.4,214.64,24.9,23.51,80.58,36.41,54.68,64.855,91.59,81.25
2024-04-25,503.49,76.38,77.34,40.7,87.78,215.92,25.06,23.64,80.12,36.86,54.57,64.745,91.24,81.19
2024-04-26,508.26,76.62,77.96,41.17,88.24,216.62,24.89,23.66,80.16,36.32,55.05,65.02,91.49,81.21
2024-04-29,510.06,76.85,78.26,41.57,88.98,216.18,24.83,23.64,80.98,35.87,55.14,65.3,91.86,81.25
2024-04-30,501.98,76.29,77.27,40.99,88.22,211.87,24.05,23.34,79.61,33.57,54.35,65.08,91.43,81.15
2024-05-01,500.35,76.29,77.1,41.03,88.56,213.79,24.27,23.0,79.64,32.39,54.12,64.99,91.52,81.05
2024-05-02,505.03,76.76,78.14,42.09,88.94,213.13,24.36,23.08,80.76,33.8,54.74,65.24,91.95,81.17
2024-05-03,511.29,77.08,78.92,42.47,89.84,212.96,24.22,23.11,81.3,35.4,55.22,65.395,92.46,81.3
2024-05-07,517.14,77.18,79.67,42.27,90.74,214.21,24.92,23.35,82.14,35.93,56.02,65.765,92.78,81.3
2024-05-08,517.19,77.0,79.58,42.28,90.19,213.58,24.95,23.23,81.45,35.38,56.21,65.615,92.52,81.28
2024-05-09,520.17,77.02,80.19,42.41,90.63,216.95,25.86,23.32,83.12,35.58,56.81,65.43,92.8,81.35
2024-05-10,520.84,76.9,80.34,42.5,90.12,218.71,25.77,23.28,82.89,34.58,57.03,65.345,92.5,81.28
2024-05-13,520.91,76.88,80.34,42.82,90.35,216.26,25.8,23.43,83.16,36.0,57.06,65.4,92.61,81.3
2024-05-14,523.3,77.0,80.94,43.05,90.86,218.09,26.13,23.33,83.8,35.07,57.51,65.27,92.88,81.38
2024-05-15,529.78,77.45,81.8,43.51,92.1,220.89,27.12,23.41,84.96,37.67,58.09,65.82,93.58,81.53
2024-05-16,528.69,77.27,81.36,43.6,92.01,220.03,27.06,23.47,84.9,37.15,57.74,65.76,93.4,81.47
2024-05-17,529.45,77.28,81.64,43.79,91.39,223.66,28.79,23.71,84.89,38.28,57.92,65.495,93.11,81.42
2024-05-20,530.06,77.32,81.7,43.63,91.12,224.56,28.98,23.92,84.39,39.97,57.85,65.435,92.97,81.4
2024-05-21,531.36,77.26,81.57,43.36,91.59,224.23,29.27,23.82,84.36,39.47,57.87,65.51,93.21,81.44
2024-05-22,529.83,77.09,80.8,43.22,91.7,220.11,28.22,23.48,83.6,39.71,57.4,65.415,93.09,81.38
2024-05-23,525.96,76.82,80.39,42.9,91.11,215.72,27.55,23.36,81.8,38.27,57.13,65.17,92.76,81.34
2024-05-24,529.44,77.09,81.05,43.02,91.38,215.92,27.74,23.52,81.86,39.46,57.54,65.245,92.88,81.37
2024-05-28,529.81,76.78,81.02,42.96,90.07,218.19,29.24,23.94,81.32,38.98,57.48,65.225,92.36,81.3
2024-05-29,526.1,76.55,79.74,42.32,88.98,216.16,29.17,23.69,80.53,38.32,56.57,64.83,91.91,81.27
2024-05-30,522.61,76.86,80.41,42.2,89.84,216.57,28.42,23.38,81.71,39.16,57.09,64.98,92.37,81.36
2024-05-31,527.37,77.13,81.18,41.79,90.45,215.3,27.76,23.27,83.24,38.55,57.58,65.02,92.8,81.47
2024-06-03,527.8,77.01,81.41,42.23,91.6,217.22,27.89,22.94,83.05,39.44,57.65,65.315,93.13,81.3
2024-06-04,528.39,76.97,81.31,41.64,92.67,215.27,27.02,22.71,83.69,40.17,57.55,65.495,93.64,81.38
2024-06-05,534.67,77.22,81.88,42.31,93.35,217.82,27.4,22.79,83.59,40.67,58.1,65.7,93.98,81.46
2024-06-06,534.66,77.09,82.16,42.52,93.21,219.43,28.53,23.09,83.75,40.16,58.37,65.515,93.94,81.47
2024-06-07,534.01,76.89,81.27,42.04,91.5,211.6,26.67,22.76,82.96,39.42,57.66,65.19,92.95,81.26
2024-06-10,535.66,76.96,81.21,42.29,90.89,213.54,27.12,23.09,83.24,39.59,57.45,64.78,92.75,81.27
2024-06-11,536.95,77.06,78.91,41.86,91.83,214.15,26.71,23.06,82.94,38.43,55.53,64.89,93.24,81.36
2024-06-12,541.36,77.37,79.84,42.28,92.52,214.72,27.03,23.14,83.68,38.45,56.36,65.32,93.76,81.47
2024-06-13,542.45,77.36,78.7,42.18,93.88,212.97,26.43,23.16,84.02,37.9,55.53,65.37,94.38,81.6
2024-06-14,542.78,77.06,77.83,42.23,94.67,215.73,27.01,23.07,84.0,37.3,54.66,65.67,94.6,81.61
2024-06-17,547.1,77.11,78.14,42.5,93.73,214.61,26.92,23.15,83.67,37.98,55.07,65.545,94.16,81.53
2024-06-18,548.49,77.35,78.45,42.89,94.59,215.47,26.96,23.34,84.0,36.64,55.3,65.71,94.57,81.64
2024-06-20,547.0,77.3,78.5,42.82,93.96,218.16,28.0,23.39,83.76,37.04,55.45,65.58,94.33,81.61
2024-06-21,544.51,77.39,77.95,42.67,93.96,214.78,26.98,23.2,83.97,36.58,55.0,65.56,94.35,81.64
2024-06-24,542.74,77.31,78.57,42.67,94.34,215.63,27.0,23.39,84.62,33.765,55.47,65.575,94.43,81.65
2024-06-25,544.83,77.41,78.76,42.57,94.5,214.56,26.4,23.17,83.58,35.3,55.43,65.64,94.51,81.66
2024-06-26,545.51,77.24,78.18,42.48,93.15,212.58,26.31,23.21,83.32,34.71,54.94,65.45,93.94,81.58
2024-06-27,546.37,77.33,78.24,42.51,93.52,214.99,26.45,23.33,84.13,34.98,54.85,65.375,94.15,81.64
2024-06-28,544.22,77.14,78.33,42.59,91.78,215.01,26.57,23.23,83.76,34.14,54.76,65.27,93.65,81.65
2024-07-01,545.34,76.72,78.47,42.69,89.91,215.57,26.85,23.53,82.97,36.0,55.04,64.975,92.67,81.31
2024-07-02,549.01,76.93,78.66,42.82,90.61,215.56,26.97,23.56,83.36,35.22,54.92,65.045,93.02,81.38
2024-07-03,551.46,77.2,79.56,43.45,91.8,217.99,27.84,23.69,83.28,34.44,55.55,65.38,93.64,81.5
2024-07-05,554.64,77.43,80.09,43.63,92.56,220.93,28.48,23.78,83.51,32.2,55.99,65.535,94.16,81.65
2024-07-08,555.28,77.41,79.69,43.64,92.76,218.19,28.13,23.46,83.78,32.16,55.74,65.685,94.19,81.64
2024-07-09,555.82,77.32,79.37,43.82,92.35,218.56,28.12,23.3,83.76,32.96,55.28,65.35,94.06,81.62
2024-07-10,561.32,77.5,80.49,44.07,92.64,219.36,28.16,23.3,84.38,32.67,56.0,65.725,94.15,81.65
2024-07-11,556.48,77.78,80.72,44.33,93.54,223.25,28.68,23.38,86.8,32.7,56.22,66.02,94.75,81.84
2024-07-12,559.99,77.98,81.58,44.51,93.94,223.11,28.12,23.29,87.46,32.85,56.88,65.94,94.95,81.96
2024-07-15,561.53,77.99,80.86,44.04,92.86,223.83,28.03,23.12,88.05,36.15,56.25,66.1,94.65,81.96
2024-07-16,564.86,78.29,81.25,44.29,94.17,228.29,28.61,23.06,89.13,37.17,56.41,66.28,95.07,81.99
2024-07-17,556.94,78.2,80.82,43.57,94.19,227.23,27.67,23.06,89.74,36.84,56.13,66.32,95.15,82.0
2024-07-18,552.66,78.04,80.02,43.16,93.47,225.78,27.2,22.89,88.95,36.22,55.61,66.385,94.88,81.96
2024-07-19,548.99,77.98,79.53,42.74,92.92,221.73,26.69,22.58,88.79,38.4,55.28,66.14,94.58,81.92
2024-07-22,554.65,78.27,80.37,43.1,92.65,221.8,26.63,22.64,89.71,38.93,56.08,66.085,94.49,81.93
2024-07-23,553.78,78.28,79.92,42.72,92.52,222.58,26.68,22.43,89.64,37.34,55.64,66.195,94.56,81.97
2024-07-24,541.23,78.03,78.91,42.1,91.52,221.8,26.43,22.42,88.32,37.42,55.1,66.135,94.35,82.01
2024-07-25,538.41,78.04,78.41,41.93,92.27,218.33,25.41,22.47,88.03,36.83,54.91,66.285,94.56,82.02
2024-07-26,544.44,78.29,79.41,42.36,92.99,220.63,25.48,22.24,89.57,38.79,55.65,66.32,95.01,82.13
2024-07-29,544.76,78.22,79.06,42.22,93.49,220.32,25.44,22.14,90.03,38.34,55.27,66.545,95.17,82.14
2024-07-30,542.0,78.26,79.24,42.03,93.85,222.52,25.83,22.07,90.73,37.55,55.44,66.62,95.37,82.17
2024-07-31,550.81,78.54,80.36,42.95,94.81,226.55,26.39,22.58,90.41,37.18,55.92,66.875,96.07,82.34
2024-08-01,543.01,77.96,78.23,42.2,95.31,225.77,26.03,22.31,91.32,36.07,54.85,67.015,96.19,82.21
2024-08-02,532.9,77.7,77.0,41.6,98.28,225.34,26.04,21.9,91.27,35.61,54.41,67.31,97.68,82.67
2024-08-05,517.38,77.22,75.32,40.42,98.8,222.48,24.86,21.86,88.66,30.48,53.25,67.16,97.78,82.65
2024-08-06,522.15,77.51,75.45,40.65,96.59,220.7,24.64,21.68,90.41,32.34,53.35,67.275,96.91,82.55
2024-08-07,518.66,77.66,75.81,40.9,95.91,220.55,24.33,21.88,89.79,31.19,53.47,66.96,96.56,82.5
2024-08-08,530.65,77.98,77.08,41.83,95.32,224.01,25.01,22.08,90.67,33.88,54.25,66.965,96.27,82.46
2024-08-09,532.99,77.97,77.38,42.06,96.26,224.56,25.0,22.21,91.09,34.6,54.57,67.19,96.66,82.48
2024-08-12,533.27,78.02,77.31,42.2,96.61,228.41,25.49,22.52,90.42,33.64,54.42,67.2,96.93,82.53
2024-08-13,542.04,78.38,78.64,42.67,97.28,228.06,25.42,22.31,91.21,34.64,55.13,67.52,97.36,82.66
2024-08-14,543.75,78.52,78.93,42.44,97.89,226.2,25.13,22.17,91.45,33.56,55.45,67.55,97.49,82.65
2024-08-15,553.07,78.59,79.89,42.91,97.1,226.91,25.86,22.35,91.38,32.5,56.03,67.25,96.88,82.45
2024-08-16,554.31,78.84,80.33,43.41,97.44,231.99,26.43,22.21,91.33,34.03,56.34,67.24,97.07,82.54
2024-08-19,559.61,78.97,81.31,43.83,97.89,231.61,26.83,22.09,92.09,33.62,56.94,67.215,97.2,82.52
2024-08-20,558.7,78.9,81.06,43.49,98.67,232.46,26.87,22.0,91.98,33.92,56.91,67.395,97.59,82.64
2024-08-21,560.62,79.08,81.81,43.66,98.73,232.15,26.95,21.89,92.47,35.13,57.34,67.665,97.79,82.73
2024-08-22,556.22,78.98,81.33,43.12,97.75,229.37,26.39,21.87,92.74,34.35,57.04,67.35,97.34,82.62
2024-08-23,562.13,79.4,82.82,43.84,98.39,232.02,27.2,22.26,94.78,36.28,57.93,67.46,97.79,82.81
2024-08-27,561.56,79.29,82.83,43.53,97.97,233.39,27.36,22.38,94.88,35.38,58.01,67.2,97.63,82.82
2024-08-28,558.3,79.25,82.54,43.26,97.85,231.75,26.69,22.11,94.51,33.52,57.87,67.26,97.58,82.81
2024-08-29,558.35,79.33,82.85,43.28,97.53,232.95,26.81,22.36,94.22,33.69,58.06,67.28,97.41,82.795
2024-08-30,563.68,79.34,82.98,43.37,96.49,231.29,26.35,22.11,95.13,33.37,58.19,67.2,97.07,82.8
2024-09-03,552.08,78.68,81.67,42.51,97.75,230.29,25.58,21.67,95.08,32.98,57.08,67.33,97.42,82.6
2024-09-04,550.95,78.97,81.31,42.5,99.01,230.43,25.68,21.51,95.35,33.04,56.94,67.58,97.99,82.78
2024-09-05,549.61,79.24,81.33,42.56,99.57,232.35,26.23,21.56,95.04,31.85,56.8,67.655,98.22,82.81
2024-09-06,540.36,79.14,79.8,41.78,99.56,230.63,25.48,21.27,94.95,30.41,55.95,67.81,98.36,82.96
2024-09-09,546.41,79.33,80.6,42.13,99.99,231.6,25.85,21.33,96.01,32.51,56.33,67.805,98.5,82.97
2024-09-10,548.79,79.18,80.2,41.97,100.69,232.62,25.94,21.02,97.4,33.0,56.08,67.905,98.92,83.09
2024-09-11,554.42,79.3,80.68,42.28,100.61,232.25,26.12,21.21,97.21,32.8,56.38,68.14,98.85,83.02
2024-09-12,559.09,79.41,81.34,42.63,100.14,236.33,27.27,21.62,97.62,33.25,56.79,67.94,98.69,83.025
2024-09-13,562.01,79.63,81.53,42.83,100.41,238.68,28.02,21.66,98.64,34.04,57.08,68.1,98.88,83.15
2024-09-16,562.84,79.83,82.19,42.97,101.33,238.66,28.07,21.82,98.97,32.98,57.46,68.24,99.14,83.2
2024-09-17,563.07,79.85,81.73,43.02,100.84,237.34,27.96,21.97,98.28,34.1,57.28,68.05,98.96,83.14
2024-09-18,561.4,79.92,81.47,42.87,99.59,235.51,27.24,21.83,98.16,34.15,57.09,67.78,98.53,83.11
2024-09-19,570.98,80.16,83.08,43.78,99.26,239.17,28.09,22.22,98.18,36.01,58.12,67.795,98.45,83.18
2024-09-20,568.25,80.26,82.26,43.69,98.88,242.21,28.41,22.22,97.79,35.8,57.29,67.69,98.42,83.21
2024-09-23,569.67,80.11,82.57,44.03,98.67,242.68,27.98,22.23,98.76,36.04,57.41,67.87,98.36,83.21
2024-09-24,571.3,80.12,83.06,45.53,98.65,246.07,29.38,22.6,98.9,36.64,57.93,68.075,98.47,83.29
2024-09-25,570.04,80.03,82.61,45.05,97.83,245.73,29.06,22.41,98.24,35.97,57.7,67.83,98.07,83.22
2024-09-26,572.3,80.16,84.43,46.7,98.06,246.98,29.26,22.21,97.35,36.84,58.74,67.97,98.0,83.14
2024-09-27,571.47,80.36,83.92,46.61,98.57,245.02,28.86,22.32,96.66,37.39,58.78,68.12,98.39,83.27
2024-09-30,573.76,80.3,83.63,45.86,98.1,243.06,28.41,22.27,97.42,36.13,58.27,68.13,98.12,83.15
2024-10-01,568.62,79.87,83.01,46.19,98.49,245.61,28.58,22.66,96.79,35.13,57.63,68.575,98.19,82.93
2024-10-02,568.86,79.88,82.84,47.1,97.66,245.66,29.0,22.85,96.45,34.24,57.46,68.33,97.91,82.91
2024-10-03,567.82,79.69,82.07,46.54,96.74,245.49,29.23,23.18,95.57,34.72,56.83,68.165,97.41,82.8
2024-10-04,572.98,79.6,82.55,46.97,95.55,245.0,29.36,23.24,95.11,35.52,57.11,67.915,96.47,82.52
2024-10-07,567.8,79.26,82.09,47.36,94.83,244.17,28.93,23.56,94.27,36.06,56.8,67.755,96.12,82.41
2024-10-08,573.17,79.45,81.96,46.19,94.99,242.37,28.01,23.01,94.46,35.4,56.75,67.78,96.2,82.48
2024-10-09,577.14,79.4,81.98,45.94,94.45,241.05,27.86,22.81,94.56,34.68,56.93,67.82,95.84,82.4
2024-10-10,576.13,79.36,81.88,46.03,94.08,242.82,28.38,23.26,93.72,33.95,56.77,67.815,95.83,82.47
2024-10-11,579.58,79.57,82.3,46.36,93.7,245.47,28.8,23.28,94.78,35.94,57.11,67.705,95.86,82.54
2024-10-14,584.32,79.61,82.54,46.17,93.765,245.07,28.54,22.92,95.35,37.57,57.36,67.745,95.69,82.5
2024-10-15,579.78,79.59,81.17,45.19,94.91,245.92,28.71,22.48,96.5,38.17,56.45,68.055,96.18,82.54
2024-10-16,582.3,79.73,81.38,45.54,95.31,247.15,28.91,22.42,97.56,38.58,56.5,68.31,96.33,82.59
2024-10-17,582.35,79.61,81.39,45.47,93.8,248.63,28.89,22.45,96.79,38.05,56.64,68.27,95.83,82.52
2024-10-18,584.59,79.8,81.94,45.92,93.87,251.27,30.64,22.33,97.51,39.07,57.04,68.39,95.94,82.59
2024-10-21,583.63,79.48,80.97,45.6,92.23,251.22,30.85,22.4,95.6,38.57,56.42,67.87,95.2,82.47
2024-10-22,583.32,79.37,80.51,45.5,92.32,253.93,31.74,22.79,95.74,38.41,56.24,67.72,95.11,82.46
2024-10-23,577.99,79.13,79.7,45.23,92.07,250.87,30.71,22.66,96.44,37.81,55.9,67.815,94.89,82.41
2024-10-24,579.24,79.36,80.15,45.16,92.66,252.8,30.69,22.65,96.65,38.87,56.12,68.14,95.1,82.45
2024-10-25,579.04,79.28,79.88,45.12,92.14,253.32,30.63,22.81,95.74,38.01,55.87,67.915,94.89,82.42
2024-10-28,580.83,79.48,80.52,45.32,91.89,253.33,30.73,22.2,96.04,39.67,56.4,67.99,94.67,82.38
2024-10-29,581.77,79.5,80.23,45.18,92.03,256.09,31.39,22.16,95.35,41.33,55.92,67.78,94.71,82.41
2024-10-30,580.01,79.36,79.71,44.74,92.3,257.5,30.81,22.44,95.77,40.88,55.47,67.63,94.57,82.34
2024-10-31,568.64,79.14,79.22,44.45,92.45,253.51,29.81,22.59,94.15,39.78,54.97,67.6,94.52,82.36
2024-11-01,571.04,78.75,79.38,44.49,90.84,252.47,29.54,22.35,93.11,39.37,55.27,67.515,93.67,82.05
2024-11-04,569.81,78.97,79.44,44.74,92.25,252.83,29.63,22.73,94.13,38.25,55.3,67.635,94.17,82.11
2024-11-05,576.7,79.19,80.23,45.35,92.74,253.4,29.75,22.87,95.38,39.51,55.67,67.505,94.22,82.09
2024-11-06,591.04,79.33,79.07,44.79,90.2,245.7,28.43,22.62,93.35,43.4,54.43,67.52,93.25,81.99
2024-11-07,595.61,79.67,80.27,45.78,91.33,249.65,29.11,22.85,94.47,43.6,55.23,67.355,94.0,82.13
2024-11-08,598.19,79.8,79.16,44.65,92.49,247.96,28.48,22.5,95.88,43.69,54.38,67.61,94.2,82.07
2024-11-11,598.76,79.71,79.18,44.31,92.04,242.14,27.97,22.14,95.4,49.57,54.34,67.97,93.94,82.01
2024-11-12,596.9,79.39,77.71,43.47,90.66,240.05,28.07,22.02,94.08,51.05,53.18,67.835,93.35,81.93
2024-11-13,597.19,79.41,77.25,43.19,89.8,237.63,27.61,21.95,94.6,51.04,52.96,67.775,93.29,82.05
2024-11-14,593.35,79.24,77.41,42.95,90.32,237.01,27.81,21.93,93.75,49.73,53.13,68.03,93.28,81.93
2024-11-15,585.75,79.23,77.13,42.95,90.08,236.59,27.57,21.82,93.8,52.13,52.92,68.05,93.32,82.02
2024-11-18,588.15,79.38,77.55,43.44,90.24,241.09,28.38,22.32,94.48,52.13,53.18,67.955,93.53,82.08
2024-11-19,590.3,79.5,77.45,43.41,90.7,243.25,28.5,22.39,94.94,52.7,53.06,68.085,93.73,82.08
2024-11-20,590.5,79.48,77.24,43.36,90.41,244.62,28.1,22.38,94.82,53.72,52.96,68.065,93.59,82.04
2024-11-21,593.67,79.51,77.26,43.27,90.34,246.66,28.04,22.54,95.52,55.9,52.84,68.135,93.54,82.02
2024-11-22,595.51,79.49,77.56,43.28,90.39,249.84,28.47,22.56,96.24,56.49,53.02,68.36,93.6,82.01
2024-11-25,597.53,79.79,77.96,43.31,92.73,242.48,27.63,22.24,97.58,54.02,53.26,68.59,94.61,82.17
2024-11-26,600.65,79.64,77.51,43.13,92.37,242.95,27.8,22.24,97.97,51.7,53.02,68.66,94.41,82.17
2024-11-27,598.83,79.88,77.93,43.19,93.01,243.49,27.45,22.12,98.6,55.03,53.44,68.795,94.79,82.22
2024-11-29,602.55,80.04,78.97,43.26,93.97,245.59,27.92,22.14,98.16,55.21,53.98,69.23,95.19,82.32
2024-12-02,603.63,79.65,79.19,43.43,93.87,243.44,27.79,21.98,96.73,54.48,54.06,69.36,94.89,82.05
2024-12-03,603.91,79.65,79.64,43.52,93.06,243.93,28.28,22.23,96.24,54.46,54.21,69.355,94.62,82.06
2024-12-04,607.66,79.84,79.7,43.63,94.06,244.67,28.53,22.11,95.98,56.42,54.41,69.405,94.98,82.15
2024-12-05,606.66,79.77,80.09,43.92,94.25,242.86,28.56,22.08,95.75,56.4,54.9,69.4,94.97,82.15
2024-12-06,607.81,79.9,80.08,43.85,94.39,242.95,28.25,21.91,95.61,57.8,54.97,69.38,95.27,82.23
2024-12-09,604.68,79.8,80.03,44.75,93.52,245.36,28.98,22.12,95.88,54.73,54.9,69.4,94.94,82.2
2024-12-10,602.8,79.84,79.31,44.03,93.08,248.59,28.99,22.17,94.49,54.9,54.44,69.415,94.77,82.19
2024-12-11,607.46,79.86,79.81,44.21,92.2,250.96,29.04,22.45,94.27,57.72,54.66,69.305,94.49,82.17
2024-12-12,604.33,79.64,79.11,43.99,91.08,247.28,28.2,22.36,94.12,56.92,54.22,69.0,94.13,82.13
2024-12-13,604.21,79.41,78.89,44.03,90.15,244.29,27.75,22.35,93.85,57.91,54.26,68.74,93.69,82.09
2024-12-16,606.79,79.56,78.63,43.79,90.42,244.88,27.8,22.23,93.52,60.22,54.09,68.7,93.72,82.1
2024-12-17,604.29,79.39,77.45,42.96,90.64,243.94,27.81,22.08,93.07,60.73,53.57,68.74,93.72,82.11
2024-12-18,586.28,78.17,75.55,41.96,89.16,239.26,26.85,21.88,89.23,57.18,52.34,68.72,92.69,81.68
2024-12-19,586.1,78.09,75.31,42.1,87.81,239.6,26.52,21.88,87.85,54.72,52.11,68.34,92.27,81.77
2024-12-20,591.15,78.58,75.1,42.27,88.31,242.1,26.92,22.02,89.33,54.81,52.03,68.55,92.61,81.78
2024-12-23,594.69,78.37,75.59,42.51,87.5,240.96,26.99,20.92,88.82,52.87,52.21,68.35,92.2,81.73
2024-12-24,601.3,78.62,75.86,42.64,87.87,241.44,27.02,21.04,89.41,56.23,52.51,68.49,92.25,81.77
2024-12-27,595.01,78.55,76.11,42.3,87.1,241.4,26.76,21.08,88.75,53.68,52.41,68.135,92.08,81.81
2024-12-30,588.22,78.66,75.61,41.96,87.8,240.63,26.43,21.27,88.31,53.55,52.07,68.28,92.62,81.93
2024-12-31,586.08,78.65,75.61,41.82,87.33,242.13,26.33,21.38,89.08,53.05,52.06,68.34,92.45,81.98
2025-01-02,584.64,78.84,75.35,41.76,87.57,245.42,26.93,21.59,88.29,55.37,51.87,68.23,92.5,81.96
2025-01-03,591.95,78.96,75.68,42.15,87.29,243.49,26.98,21.48,89.45,55.96,52.19,67.925,92.35,81.96
2025-01-06,595.36,79.1,76.4,42.3,86.9,243.19,27.24,21.52,88.3,58.17,52.75,67.965,92.26,81.98
2025-01-07,588.63,78.84,76.34,42.0,85.92,244.56,27.33,21.62,87.46,54.79,52.84,67.76,91.84,81.93
2025-01-08,589.49,78.94,76.22,41.8,86.03,245.86,27.4,21.58,87.69,53.34,52.72,67.58,92.0,81.98
2025-01-10,580.49,78.53,75.06,41.09,85.46,248.21,27.61,22.16,85.55,53.84,52.28,67.32,91.33,81.83
2025-01-13,581.39,78.51,74.85,40.81,85.43,245.74,26.96,22.32,86.6,53.22,51.95,67.18,91.17,81.85
2025-01-14,582.19,78.61,75.12,41.27,85.29,247.03,27.2,22.31,87.39,54.83,52.16,67.09,91.2,81.87
2025-01-15,592.78,79.3,76.08,41.81,86.76,248.88,27.96,22.67,87.89,56.64,52.76,67.615,92.16,82.05
2025-01-16,591.64,79.39,76.47,41.76,87.04,250.6,28.04,22.57,89.71,57.09,53.24,67.6,92.38,82.1
2025-01-17,597.58,79.46,76.78,42.09,87.19,249.27,27.61,22.47,89.65,59.62,53.53,67.755,92.45,82.08
2025-01-21,603.05,79.67,78.33,42.54,87.97,253.13,28.04,22.36,91.33,60.42,54.68,67.85,92.76,82.11
2025-01-22,606.44,79.56,78.15,42.57,87.51,254.43,28.05,22.34,89.74,59.38,54.58,67.92,92.52,82.09
2025-01-23,609.75,79.66,78.79,42.67,86.83,254.07,27.77,22.26,90.4,58.79,55.08,67.835,92.28,82.09
2025-01-24,607.97,79.75,79.23,42.95,87.22,255.65,27.91,22.27,90.71,59.7,55.26,67.84,92.47,82.14
2025-01-27,599.37,79.81,79.23,42.17,88.25,252.99,27.46,21.93,91.92,57.67,55.53,67.88,93.07,82.26
2025-01-28,604.52,79.78,79.13,42.48,88.19,255.18,27.63,21.95,90.81,57.58,55.22,67.805,93.08,82.28
2025-01-29,601.81,79.73,79.12,42.49,88.01,254.2,28.0,21.99,89.61,59.34,55.29,67.74,92.97,82.23
2025-01-30,605.04,79.88,79.99,43.21,88.34,258.05,28.72,22.01,90.75,59.72,55.92,68.005,93.17,82.28
2025-01-31,601.82,79.72,79.24,42.72,87.76,258.56,28.51,21.97,90.55,57.71,55.39,68.265,93.02,82.29
2025-02-03,597.77,79.26,78.31,42.41,88.16,259.94,28.67,22.14,90.36,57.58,54.64,68.665,92.79,81.96
2025-02-04,601.78,79.51,79.22,43.17,88.43,262.5,29.22,22.2,90.43,56.13,55.37,68.625,93.02,82.04
2025-02-05,604.22,79.72,79.99,43.06,89.89,264.13,29.35,22.06,91.7,55.33,55.93,68.825,93.56,82.09
2025-02-06,606.32,79.6,80.37,43.24,89.85,263.43,29.38,22.07,91.93,55.12,56.15,68.815,93.45,82.06
2025-02-07,600.77,79.35,79.61,43.2,89.27,263.9,29.03,22.08,91.63,54.47,55.61,68.74,93.14,81.97
2025-02-10,604.85,79.51,80.15,43.72,89.0,268.37,29.2,22.4,91.59,55.38,56.07,68.815,93.12,82.01
2025-02-11,605.31,79.48,80.53,43.55,88.43,267.39,29.0,22.57,91.99,54.11,56.53,68.46,92.88,81.99
2025-02-12,603.36,79.31,80.83,43.79,87.23,267.67,29.34,22.32,91.14,55.16,56.98,68.22,92.24,81.88
2025-02-13,609.73,79.67,81.81,44.07,88.68,270.31,29.46,22.43,92.05,54.74,57.58,68.64,92.93,81.99
2025-02-14,609.7,79.76,81.93,44.41,89.15,266.29,29.31,22.44,91.63,55.33,57.81,68.595,93.32,82.1
2025-02-18,611.49,79.69,82.52,44.69,88.1,270.7,29.91,22.77,92.04,53.51,58.19,68.385,92.82,82.03
2025-02-19,612.93,79.75,81.67,44.62,88.21,270.85,29.81,22.95,92.11,54.65,57.41,68.1,92.97,82.09
2025-02-20,610.38,79.8,82.05,45.03,88.54,270.99,29.95,22.98,92.55,56.04,58.0,68.165,93.16,82.1
2025-02-21,599.94,79.65,81.54,44.9,89.61,270.74,29.59,22.66,91.64,53.92,57.71,68.465,93.71,82.24
2025-02-24,597.21,79.75,81.49,44.21,89.87,272.21,29.44,22.58,92.0,53.41,57.56,68.43,93.91,82.3
2025-02-25,594.24,79.95,82.23,44.24,91.42,268.62,28.83,22.33,93.13,50.03,58.37,68.545,94.65,82.41
2025-02-26,594.54,80.06,82.34,44.68,91.96,269.03,28.94,22.14,92.74,47.96,58.37,68.665,94.91,82.44
2025-02-27,585.05,79.91,81.41,43.81,91.31,264.93,28.4,22.17,93.11,47.35,57.68,68.74,94.8,82.47
2025-02-28,594.18,80.13,81.58,43.21,92.43,263.27,28.31,22.0,93.9,47.9,58.02,68.825,95.32,82.62
2025-03-03,583.77,79.59,82.48,42.83,92.57,266.74,28.75,21.86,94.34,48.9,58.83,68.395,95.39,82.42
2025-03-04,576.86,79.58,82.46,43.19,91.43,269.06,29.0,21.93,93.25,49.39,58.92,68.405,95.09,82.43
2025-03-05,583.06,79.62,84.43,44.48,90.7,269.62,29.77,21.87,94.29,51.44,60.38,67.25,94.56,82.34
2025-03-06,572.71,79.32,83.56,44.2,90.4,268.25,29.69,21.76,91.87,50.64,59.86,66.885,94.51,82.39
2025-03-07,575.92,79.45,84.43,44.42,90.11,268.39,29.59,21.95,92.42,49.43,60.66,67.0,94.39,82.38
2025-03-10,560.58,79.15,82.44,43.36,91.05,266.04,29.11,21.81,91.53,44.91,58.99,67.13,95.05,82.53
2025-03-11,555.92,78.87,82.16,43.72,90.4,269.16,29.96,21.93,90.46,47.24,58.89,66.97,94.71,82.48
2025-03-12,558.87,78.96,82.75,43.96,89.86,270.33,30.22,21.93,90.18,47.15,59.06,66.91,94.43,82.42
2025-03-13,551.42,78.52,82.2,43.78,90.65,275.13,30.74,21.85,88.4,45.52,58.69,66.97,94.81,82.48
2025-03-14,562.81,78.88,83.71,44.58,90.17,275.24,30.71,21.97,90.17,48.14,59.8,66.925,94.48,82.42
2025-03-17,567.15,79.07,84.65,45.34,90.62,276.73,30.81,22.12,91.71,48.06,60.42,67.275,94.56,82.39
2025-03-18,561.02,78.93,84.64,45.11,90.71,279.96,30.85,22.07,91.23,46.81,60.68,67.195,94.67,82.39
2025-03-19,567.13,79.45,84.89,45.22,91.18,281.11,30.75,22.21,91.34,48.61,60.61,67.305,94.96,82.51
2025-03-20,565.49,79.34,84.18,44.8,91.24,280.75,30.5,22.25,91.28,47.85,60.02,67.365,95.1,82.53
2025-03-21,563.98,79.22,83.66,44.58,90.7,278.49,30.02,22.12,90.27,47.7,59.52,67.4,95.02,82.58
2025-03-24,574.08,79.45,83.65,44.78,89.77,277.25,29.96,22.2,91.66,50.18,59.43,67.415,94.47,82.47
2025-03-25,575.46,79.41,84.11,44.65,89.76,278.47,30.58,22.23,89.71,50.14,59.76,67.355,94.63,82.5
2025-03-26,568.59,79.09,83.02,44.38,89.17,278.24,30.53,22.2,90.06,49.18,58.93,67.375,94.41,82.48
2025-03-27,567.08,78.94,83.2,44.6,88.91,281.97,31.32,22.26,89.83,49.44,58.99,67.465,94.33,82.52
2025-03-28,555.66,78.8,82.46,43.77,90.14,284.06,31.0,22.19,89.71,47.56,58.87,67.65,95.09,82.67
2025-03-31,559.39,78.89,81.73,43.7,91.03,288.14,30.99,22.5,90.54,46.81,58.2,67.65,95.37,82.73
2025-04-01,560.97,78.69,81.85,43.84,91.49,287.57,30.63,22.51,90.58,48.3,58.29,67.88,95.4,82.48
2025-04-02,564.52,78.85,82.04,43.9,91.43,288.16,30.76,22.65,91.13,49.41,58.41,67.74,95.31,82.42
2025-04-03,536.7,77.87,80.32,42.97,91.85,286.42,28.89,21.74,88.02,46.57,57.53,68.01,96.29,82.73
2025-04-04,505.28,76.76,75.02,40.58,92.85,279.72,27.08,20.95,84.2,47.71,53.79,68.27,96.56,82.68
2025-04-07,504.38,76.1,73.21,39.07,90.05,273.71,27.14,20.62,81.99,44.27,52.15,68.005,95.41,82.69
2025-04-08,496.48,75.75,72.96,38.52,88.35,275.2,27.14,20.16,79.79,43.59,51.8,68.08,94.93,82.64
2025-04-09,548.62,77.78,78.59,41.19,88.87,285.38,28.06,20.89,84.55,46.83,55.55,68.075,94.63,82.59
2025-04-10,524.58,76.51,77.04,40.48,86.42,292.35,28.28,20.63,82.62,45.17,55.0,68.265,94.04,82.58
2025-04-11,533.94,76.74,78.97,41.75,86.89,297.93,29.19,20.93,83.63,47.67,56.36,68.39,93.51,82.43
2025-04-14,539.12,77.12,79.82,42.13,87.51,296.23,29.38,20.94,85.36,48.28,56.85,68.625,94.26,82.61
2025-04-15,537.61,77.33,80.54,42.09,87.82,297.78,29.41,20.89,85.62,47.74,57.43,68.43,94.54,82.61
2025-04-16,525.66,77.32,80.23,41.6,88.31,307.47,29.76,21.15,85.56,47.96,57.28,68.68,94.95,82.72
2025-04-17,526.41,77.77,81.1,41.92,87.53,306.12,29.55,21.37,86.84,48.26,57.79,68.85,94.68,82.75
2025-04-22,527.25,77.61,82.33,42.54,86.48,311.11,29.5,21.29,86.68,52.08,58.62,68.99,94.24,82.73
2025-04-23,535.42,78.0,82.66,43.03,87.32,303.65,30.56,21.13,86.84,53.2,58.85,68.865,94.34,82.67
2025-04-24,546.69,78.7,83.76,43.53,88.24,308.07,30.56,21.32,87.16,53.26,59.66,69.12,94.85,82.77
2025-04-25,550.64,78.77,84.12,43.45,88.89,304.73,30.05,21.35,87.01,54.27,59.82,69.045,95.21,82.84
2025-04-28,550.85,78.81,84.68,43.53,89.45,309.07,30.19,21.23,87.55,53.88,60.15,68.93,95.59,82.96
2025-04-29,554.32,79.02,84.85,43.65,90.2,306.06,29.83,20.96,88.02,54.22,60.33,69.03,95.92,83.01
2025-04-30,554.54,78.6,84.75,43.76,89.47,303.77,29.6,20.57,88.33,53.51,60.29,69.21,96.07,83.12
2025-05-01,558.47,78.3,84.48,43.75,88.69,297.46,29.39,20.67,88.62,54.95,60.06,69.185,95.34,82.69
2025-05-02,566.76,78.54,86.1,45.0,87.73,297.98,29.12,20.76,89.71,55.19,61.19,68.855,94.7,82.53
2025-05-06,558.8,78.45,86.14,45.16,87.53,315.48,30.22,20.95,88.82,53.97,61.21,68.83,94.77,82.59
2025-05-07,561.15,78.52,85.85,44.64,87.9,310.75,29.49,20.69,88.92,54.68,60.99,69.145,95.02,82.62
2025-05-08,565.06,78.5,85.55,44.61,86.92,304.63,29.46,20.96,88.57,57.62,60.71,68.99,94.28,82.45
2025-05-09,564.34,78.55,85.97,44.91,87.05,306.84,29.8,21.12,89.16,58.66,61.06,68.835,94.35,82.49
2025-05-12,582.99,79.33,86.41,45.88,86.24,298.19,29.63,21.26,89.6,57.88,61.11,68.51,93.75,82.34
2025-05-13,586.84,79.47,86.52,45.96,85.89,299.46,29.93,21.59,88.46,59.62,61.41,68.385,93.68,82.32
2025-05-14,587.59,79.18,86.1,46.31,85.32,293.16,29.25,21.48,87.59,58.74,61.13,68.33,93.33,82.26
2025-05-15,590.46,79.33,87.04,46.29,86.07,297.84,29.61,21.27,89.19,58.67,61.82,68.675,93.94,82.42
2025-05-16,594.2,79.42,87.24,46.26,86.3,294.24,29.3,21.19,90.3,59.2,62.01,68.88,93.97,82.4
2025-05-19,594.85,79.38,88.07,46.36,86.05,298.03,29.42,21.16,90.32,59.99,62.83,68.905,93.92,82.43
2025-05-20,592.85,79.34,88.49,46.31,85.43,303.58,30.13,21.43,89.79,60.91,63.33,68.805,93.8,82.44
2025-05-21,582.86,78.81,87.97,46.19,83.97,305.82,30.51,21.4,87.4,61.79,63.08,68.62,93.15,82.39
2025-05-22,583.09,78.97,87.92,46.04,84.41,303.11,30.03,21.29,87.0,63.23,62.97,68.63,93.5,82.44
2025-05-23,579.11,78.95,88.04,46.23,84.55,309.75,30.45,21.41,87.09,61.83,62.77,68.875,93.77,82.49
2025-05-27,591.15,79.43,89.32,46.12,85.73,304.5,30.23,21.22,88.61,62.5,63.53,69.165,94.16,82.52
2025-05-28,587.73,79.38,88.29,45.91,85.36,303.81,29.98,21.15,88.52,60.79,62.86,69.145,93.9,82.46
2025-05-29,590.05,79.5,88.68,46.08,86.15,305.61,30.3,21.04,89.32,59.99,63.2,69.36,94.29,82.55
2025-05-30,589.39,79.57,88.81,45.52,86.28,303.6,30.0,20.88,89.32,59.46,63.26,69.365,94.57,82.65
2025-06-02,592.71,79.18,89.76,45.85,85.16,311.67,31.59,21.32,89.44,59.36,63.82,69.3,93.94,82.31
2025-06-03,596.09,79.33,89.08,45.96,85.01,308.91,31.44,21.46,89.26,60.4,63.21,69.38,93.85,82.29
2025-06-04,595.93,79.48,89.48,46.53,86.39,310.9,31.34,21.38,89.51,59.64,63.73,69.44,94.54,82.44
2025-06-05,593.05,79.31,89.42,46.77,86.45,309.33,32.45,21.48,89.44,57.87,63.77,69.065,94.26,82.35
2025-06-06,599.14,79.3,89.74,46.92,85.35,305.18,32.69,21.65,89.87,59.26,63.98,69.23,93.51,82.21
2025-06-09,599.68,79.34,89.73,47.32,85.44,306.62,33.39,21.67,89.99,61.77,63.92,69.225,93.68,82.27
2025-06-10,603.08,79.53,89.85,47.59,85.88,306.71,33.23,21.62,90.76,62.29,63.98,69.39,93.84,82.27
2025-06-11,601.36,79.51,89.7,47.79,86.14,308.37,32.95,21.97,90.27,61.84,63.9,69.325,94.23,82.4
2025-06-12,603.75,79.6,90.39,47.87,87.17,312.2,33.06,21.97,90.71,60.7,64.59,69.58,94.64,82.47
2025-06-13,597.0,79.36,89.23,47.11,86.33,316.29,32.97,22.65,89.83,59.74,63.45,69.265,94.29,82.41
2025-06-16,602.68,79.52,88.04,47.23,85.46,311.78,33.03,22.6,89.9,61.8,62.52,69.34,94.02,82.4
2025-06-17,597.53,79.43,86.96,46.61,86.5,311.94,33.74,23.08,89.58,59.5,61.67,69.29,94.48,82.44
2025-06-18,597.44,79.55,87.11,46.6,86.65,310.26,33.27,23.14,89.89,58.97,61.58,69.455,94.54,82.48
2025-06-20,594.28,79.8,86.33,46.33,86.49,310.13,32.72,23.26,89.83,58.67,61.19,69.365,94.6,82.54
2025-06-23,600.15,79.95,86.98,46.71,86.77,311.08,32.96,22.4,91.18,58.67,61.69,69.45,94.93,82.65
2025-06-24,606.78,80.17,88.04,47.92,87.4,306.19,32.61,21.86,91.42,60.06,62.54,69.39,95.26,82.715
2025-06-25,607.12,80.15,87.56,47.96,87.51,307.12,33.01,21.83,89.22,61.275,62.07,69.32,95.3,82.73
2025-06-26,611.87,80.38,88.54,48.28,87.95,306.78,33.34,21.91,88.27,61.14,62.58,69.355,95.64,82.83
2025-06-27,614.91,80.34,89.34,48.09,87.39,301.22,32.62,21.8,88.49,60.72,63.15,69.265,95.39,82.8
2025-06-30,617.85,80.65,89.39,48.24,88.25,304.83,32.81,21.81,89.06,61.21,63.25,69.29,95.77,82.86
2025-07-01,617.65,80.17,89.24,48.33,88.14,307.55,32.73,21.93,89.71,59.84,63.23,69.34,95.29,82.51
2025-07-02,620.45,80.32,89.5,48.54,87.58,309.25,33.24,22.29,89.92,62.42,63.5,69.17,95.09,82.5
2025-07-03,625.34,80.37,89.52,48.76,86.97,307.14,33.51,22.28,90.02,62.19,63.41,69.49,94.76,82.41
2025-07-07,620.68,80.1,88.55,48.07,86.14,307.37,33.43,22.26,89.25,61.4,63.02,69.215,94.46,82.39
2025-07-08,620.34,79.99,89.2,48.37,86.03,304.16,33.29,22.33,89.12,61.82,63.54,69.06,94.32,82.4
2025-07-09,624.06,80.21,89.87,48.29,86.93,305.52,33.0,22.29,89.19,63.58,64.27,69.1,94.81,82.47
2025-07-10,625.82,80.13,89.81,48.42,86.99,306.2,33.75,22.22,89.75,64.5,64.23,68.985,94.76,82.47
2025-07-11,623.62,80.03,88.95,48.26,85.79,309.14,35.03,22.51,89.76,67.21,63.49,68.88,94.32,82.45
2025-07-14,624.81,80.09,88.95,48.33,85.61,308.01,34.63,22.32,90.34,68.18,63.42,68.835,94.28,82.46
2025-07-15,622.14,79.85,88.02,48.68,85.01,306.73,34.26,22.28,89.01,66.16,62.7,68.945,93.91,82.375
2025-07-16,624.22,80.06,88.38,48.91,85.13,308.26,34.41,22.31,89.85,67.83,62.98,69.035,94.17,82.49
2025-07-17,628.04,80.14,88.61,49.19,85.11,307.59,34.65,22.49,89.75,67.65,62.98,69.19,94.14,82.46
2025-07-18,627.58,80.25,88.36,49.08,85.24,308.39,34.61,22.53,89.94,66.68,62.92,69.05,94.4,82.53
2025-07-21,628.77,80.36,88.83,49.4,86.0,313.13,35.35,22.48,90.31,66.33,63.15,69.445,94.73,82.58
2025-07-22,628.86,80.5,89.32,49.43,86.52,316.1,35.72,22.44,91.86,67.82,63.54,69.565,95.0,82.64
2025-07-23,634.21,80.54,91.54,49.93,86.04,312.18,35.69,22.38,92.04,67.29,64.91,69.565,94.66,82.57
2025-07-24,634.42,80.44,90.86,49.66,85.89,310.27,35.49,22.4,91.72,67.66,64.14,69.145,94.52,82.5
2025-07-25,637.1,80.49,90.75,49.51,86.43,307.4,34.66,22.17,91.73,66.36,64.28,69.065,94.74,82.55
2025-07-28,636.94,80.45,89.29,49.18,85.87,305.41,34.64,22.4,90.26,67.1,63.13,69.215,94.53,82.535
2025-07-29,635.26,80.5,89.11,49.2,87.32,306.25,34.66,22.69,91.71,66.71,63.08,69.255,95.15,82.61
2025-07-30,634.46,80.33,88.47,48.84,86.87,300.96,33.51,22.64,90.41,66.37,62.44,69.165,94.82,82.52
2025-07-31,632.08,80.38,87.52,48.56,86.92,302.96,33.32,22.45,89.14,66.32,61.71,69.255,94.9,82.52
2025-08-01,621.72,79.98,87.29,48.2,87.82,309.11,33.59,22.09,88.92,64.22,61.37,69.31,95.68,82.66
2025-08-04,631.17,80.25,88.45,48.7,88.06,310.91,33.98,22.01,89.83,65.2,62.09,69.555,95.81,82.68
2025-08-05,627.97,80.21,88.44,48.84,88.33,311.16,34.35,21.82,90.24,64.55,62.16,69.61,95.74,82.65
2025-08-06,632.78,80.29,89.02,49.07,87.82,310.5,34.35,21.77,89.54,65.51,62.43,69.525,95.67,82.68
2025-08-07,632.25,80.21,89.82,49.48,87.67,313.12,34.76,21.84,89.8,66.83,63.11,69.585,95.6,82.64
2025-08-08,637.18,80.22,90.37,49.44,87.29,313.05,34.88,21.84,89.06,66.13,63.33,69.375,95.38,82.62
2025-08-11,635.92,80.22,89.99,49.3,87.39,308.55,34.18,21.87,88.47,67.64,62.95,69.325,95.41,82.62
2025-08-12,642.69,80.4,91.09,49.9,86.95,308.27,34.41,21.78,88.97,67.95,63.59,69.115,95.39,82.68
2025-08-13,644.89,80.61,91.64,50.5,87.67,309.21,35.0,21.75,89.8,69.84,64.08,69.445,95.73,82.79
2025-08-14,644.95,80.4,91.65,49.88,87.02,307.25,34.5,21.84,89.16,67.03,64.37,69.345,95.42,82.7
2025-08-15,643.44,80.46,92.19,49.94,86.4,307.43,34.5,21.77,89.67,66.44,64.52,68.87,95.23,82.67
2025-08-18,643.3,80.4,92.09,50.23,86.15,306.95,34.55,21.79,88.91,66.05,64.35,69.03,95.14,82.67
2025-08-19,639.81,80.38,92.1,49.82,86.65,305.27,33.87,21.62,90.44,64.19,64.52,69.075,95.38,82.71
2025-08-20,638.11,80.35,92.43,49.75,86.84,308.36,34.43,21.86,90.7,64.9,64.93,69.235,95.52,82.74
2025-08-21,635.55,80.2,91.85,49.64,86.41,307.29,34.61,21.99,90.43,63.69,64.49,69.045,95.24,82.67
2025-08-22,645.31,80.85,93.23,50.63,87.05,310.58,35.34,22.08,92.18,66.25,65.49,69.33,95.77,82.85
2025-08-26,645.16,80.87,91.9,50.21,86.75,312.08,35.02,22.02,91.41,63.1,64.43,69.125,95.83,82.88
2025-08-27,646.63,80.97,91.68,49.91,86.65,312.71,34.99,22.04,91.98,63.65,64.3,69.115,96.01,82.94
2025-08-28,648.92,81.01,92.02,50.1,87.22,315.03,35.52,22.18,91.74,63.58,64.37,69.2,96.23,82.91
2025-08-29,645.05,80.86,91.48,49.86,86.6,318.07,36.19,22.21,92.24,61.44,64.04,69.065,96.15,82.98
2025-09-02,640.27,80.39,90.58,49.82,85.63,325.59,37.15,22.57,90.71,62.97,63.32,68.735,95.55,82.68
2025-09-03,643.74,80.61,90.72,50.01,86.57,328.14,37.34,22.37,90.76,63.77,63.57,69.005,95.88,82.74
2025-09-04,649.12,80.83,91.38,49.85,87.23,326.69,36.93,22.21,91.44,62.35,63.91,69.165,96.31,82.8
2025-09-05,647.24,80.87,91.79,50.45,88.56,331.05,37.21,22.03,92.47,63.42,64.18,69.51,96.78,82.92
2025-09-08,648.83,80.87,92.71,50.91,89.74,334.82,37.51,22.18,91.93,63.7,64.63,69.575,97.08,82.97
2025-09-09,650.33,80.78,92.4,51.19,89.23,334.06,37.18,22.24,91.72,63.22,64.55,69.59,96.85,82.9
2025-09-10,652.21,80.84,92.38,51.54,89.74,335.26,37.41,22.39,91.57,64.53,64.34,69.555,97.11,82.91
2025-09-11,657.63,81.04,93.36,52.29,90.34,334.76,37.79,22.22,93.24,65.03,65.01,69.615,97.26,82.94
2025-09-12,657.41,80.96,92.99,52.26,89.95,335.42,38.34,22.35,92.81,66.38,64.78,69.385,96.98,82.93
2025-09-15,660.91,81.19,93.61,52.64,90.16,338.91,38.76,22.55,92.66,65.5,65.28,69.515,97.14,82.96
2025-09-16,660.0,81.13,93.35,53.03,90.35,339.59,38.6,22.78,92.17,66.37,65.07,69.535,97.2,83.0
2025-09-17,659.18,81.05,93.0,53.26,90.12,336.97,37.79,22.54,92.05,65.67,64.79,69.62,96.99,82.96
2025-09-18,662.26,81.23,93.36,53.13,89.19,335.62,37.99,22.44,92.25,66.75,65.11,69.445,96.67,82.93
2025-09-19,663.7,81.26,93.0,53.01,89.02,339.18,39.04,22.26,91.65,65.37,64.87,69.32,96.63,82.96
2025-09-22,666.84,81.32,93.3,53.27,88.7,345.05,40.04,22.26,91.67,63.65,65.08,69.295,96.47,82.92
2025-09-23,663.21,81.26,93.12,53.3,89.32,346.46,39.96,22.49,92.17,63.41,65.05,69.295,96.74,82.95
2025-09-24,661.1,81.15,92.58,53.12,88.98,343.32,39.82,22.64,90.4,64.42,64.68,69.315,96.48,82.91
2025-09-25,658.05,80.92,91.92,52.81,88.98,344.75,41.03,22.8,90.13,62.1,64.09,69.205,96.27,82.84
2025-09-26,661.82,81.08,92.63,52.71,88.9,346.74,41.86,22.81,91.02,61.94,64.74,69.34,96.22,82.89
2025-09-29,663.68,81.22,92.99,53.19,89.63,352.46,42.5,22.62,91.05,64.97,65.02,69.535,96.5,82.92
2025-09-30,666.18,81.19,93.37,53.4,89.37,355.47,42.37,22.53,91.42,65.0,65.48,69.535,96.46,82.96
2025-10-01,668.45,80.96,94.14,53.82,89.29,356.03,42.91,22.49,91.56,66.74,66.26,69.56,96.49,82.8
2025-10-02,669.22,80.93,94.29,54.07,89.55,354.79,42.53,22.34,91.08,68.77,66.45,69.635,96.59,82.82
2025-10-03,669.21,80.84,95.08,54.23,89.38,357.64,43.52,22.41,91.42,69.81,66.82,69.665,96.4,82.79
2025-10-06,671.61,80.86,95.3,54.48,88.67,364.38,44.06,22.64,90.56,71.29,66.57,69.545,96.12,82.77
2025-10-07,669.12,80.77,94.47,54.06,89.18,366.26,43.39,22.73,90.23,69.13,66.12,69.545,96.36,82.81
2025-10-08,673.11,80.65,94.75,54.49,89.25,372.3,44.56,22.76,89.76,70.06,66.54,69.775,96.38,82.8
2025-10-09,671.16,80.42,93.97,53.93,89.18,365.43,44.71,22.55,89.27,68.74,65.76,69.695,96.31,82.79
2025-10-10,653.02,79.95,92.24,51.94,90.62,369.12,45.43,22.07,88.13,66.2,65.02,69.985,96.91,82.93
2025-10-13,663.04,80.45,92.98,53.45,90.57,378.09,47.26,22.35,88.69,65.81,65.44,70.015,96.96,83.09
2025-10-14,662.23,80.54,93.4,52.97,90.86,380.79,46.8,22.1,89.6,63.91,65.76,70.13,97.21,83.03
2025-10-15,665.17,80.8,93.85,53.84,90.66,387.39,48.33,22.18,90.9,63.17,65.85,70.475,97.1,82.99
2025-10-16,660.64,80.51,94.34,54.19,91.34,396.45,49.17,22.14,90.58,61.43,66.36,70.475,97.55,83.1
2025-10-17,664.39,80.72,94.51,54.18,91.2,388.99,46.99,22.12,91.17,60.47,66.34,70.395,97.39,83.085
2025-10-20,671.3,80.88,95.29,54.92,91.55,403.15,47.72,22.34,92.09,62.93,66.68,70.32,97.52,83.1
2025-10-21,671.29,80.76,94.59,54.31,92.0,377.24,43.79,22.11,91.83,63.49,66.23,70.45,97.7,83.12
2025-10-22,667.8,80.68,94.45,54.26,92.06,377.28,43.88,22.46,92.22,61.21,66.21,70.525,97.72,83.12
2025-10-23,671.76,80.86,94.89,54.74,91.43,378.79,44.18,22.84,92.16,62.56,66.63,70.445,97.4,83.06
2025-10-24,677.25,81.08,95.04,55.1,91.47,377.52,43.99,22.85,92.43,62.83,66.75,70.23,97.49,83.11
2025-10-27,685.24,81.28,95.7,55.71,91.78,367.01,42.4,22.8,92.69,65.28,67.07,70.285,97.49,83.09
2025-10-28,687.06,81.2,95.66,55.69,92.02,364.38,42.7,22.59,90.87,64.49,66.83,70.28,97.58,83.1
2025-10-29,687.39,80.95,95.12,56.01,91.09,363.0,43.23,22.71,88.53,62.75,66.58,70.36,96.95,82.935
2025-10-30,679.83,80.8,94.7,55.43,90.56,370.13,44.34,22.72,88.95,60.4,66.18,70.34,96.81,82.95
2025-10-31,682.06,80.8,94.49,55.3,90.29,368.12,44.01,22.88,89.18,62.3,65.91,70.335,96.85,82.98
2025-11-03,683.34,80.14,94.53,55.65,89.74,368.78,43.76,23.05,89.05,60.53,65.86,70.245,96.5,82.72
2025-11-04,675.24,80.15,93.56,54.63,89.94,362.32,42.74,22.89,89.2,57.18,65.25,70.28,96.62,82.75
2025-11-05,677.58,80.23,94.16,55.12,88.96,366.51,43.65,22.82,89.28,58.92,65.77,70.205,96.16,82.69
2025-11-06,670.31,80.26,93.95,54.71,89.76,366.07,43.55,22.85,88.85,57.26,65.49,70.24,96.65,82.79
2025-11-07,670.97,80.33,94.3,54.55,89.57,368.31,43.92,22.9,90.23,58.88,65.8,70.19,96.69,82.83
2025-11-10,681.44,80.6,95.29,55.51,89.55,378.38,45.79,23.15,90.18,60.19,66.65,70.285,96.56,82.81
2025-11-11,683.0,80.69,95.99,55.57,89.96,379.87,46.45,23.3,91.19,58.35,67.35,70.33,96.86,82.88
2025-11-12,683.38,80.53,96.56,55.58,90.12,385.99,48.32,23.04,90.51,57.59,67.89,70.475,96.88,82.85
2025-11-13,672.04,80.2,95.53,54.93,89.38,382.87,47.42,22.92,89.4,55.59,67.43,70.295,96.6,82.8
2025-11-14,671.93,80.22,95.26,54.96,88.87,375.96,45.96,22.97,89.59,53.475,66.76,70.08,96.44,82.83
2025-11-17,665.67,80.09,94.02,54.31,89.09,371.65,45.47,22.94,88.85,52.1,65.96,70.15,96.55,82.82
2025-11-18,660.08,80.11,92.8,54.04,89.06,374.35,46.1,23.13,89.21,52.66,65.3,70.12,96.71,82.87
2025-11-19,662.63,80.15,92.52,53.85,88.88,374.96,46.45,22.9,88.51,50.73,65.05,70.17,96.64,82.86
2025-11-20,652.53,80.1,91.24,53.11,89.23,374.85,45.78,22.68,88.14,48.96,64.17,70.1,96.87,82.93
2025-11-21,659.03,80.37,92.65,53.1,89.5,374.27,45.3,22.53,89.57,47.97,65.12,70.155,97.19,83.03
2025-11-24,668.73,80.59,92.73,53.66,90.01,380.2,46.63,22.64,89.81,50.57,64.96,70.23,97.34,83.04
2025-11-25,675.02,80.87,93.84,53.85,90.24,380.08,46.67,22.52,90.64,49.56,66.07,70.375,97.59,83.09
2025-11-26,679.68,80.95,94.87,54.24,90.64,383.12,48.4,22.76,91.04,51.03,66.75,70.415,97.67,83.08
2025-11-28,683.39,80.99,95.19,54.32,90.21,387.88,51.21,23.06,91.34,51.55,66.99,70.375,97.5,83.08
2025-12-01,680.27,80.47,94.72,54.28,88.77,389.75,52.52,23.12,90.29,48.5,66.74,70.12,96.69,82.76
2025-12-02,681.53,80.62,95.04,54.3,88.81,387.24,53.13,23.02,89.97,51.67,67.05,70.125,96.77,82.81
2025-12-03,683.89,80.69,95.55,54.34,89.06,386.88,53.07,23.13,90.2,52.74,67.56,70.175,96.97,82.86
2025-12-04,684.39,80.75,95.81,54.33,88.58,387.13,51.76,23.19,89.98,52.51,67.4,70.065,96.67,82.8
2025-12-05,685.69,80.75,95.81,54.74,88.17,386.44,52.95,23.33,89.88,50.69,67.43,69.98,96.47,82.77
2025-12-08,683.63,80.55,95.51,54.62,87.88,385.42,52.71,23.04,89.19,51.52,67.37,69.75,96.27,82.75
2025-12-09,683.04,80.46,95.38,54.53,87.97,387.4,55.17,22.99,88.85,52.85,67.11,69.8,96.13,82.71
2025-12-10,687.57,80.73,96.44,55.14,88.31,389.05,56.07,23.13,89.17,52.49,67.98,69.78,96.44,82.85
2025-12-11,689.17,80.72,97.01,54.88,88.19,393.24,57.62,23.11,89.56,52.1,68.52,69.87,96.45,82.86
2025-12-12,681.76,80.57,96.5,54.24,87.34,395.44,56.1,22.92,89.45,51.2,68.01,69.8,96.19,82.87
2025-12-15,680.73,80.61,97.09,54.08,87.4,395.8,58.11,22.81,89.73,48.66,68.6,69.885,96.27,82.92
2025-12-16,678.87,80.66,94.92,52.98,87.88,395.89,57.73,22.58,89.07,49.71,67.57,69.945,96.54,82.96
2025-12-17,671.4,80.56,94.15,52.6,87.8,399.29,60.26,22.85,89.4,48.71,67.14,69.87,96.52,82.97
2025-12-18,676.47,80.78,94.82,53.2,88.22,398.57,59.32,22.69,88.93,47.96,67.71,69.975,96.77,83.03
2025-12-19,680.59,80.36,95.46,53.72,87.55,399.02,60.93,22.85,88.59,49.91,68.11,69.765,96.24,82.76
2025-12-22,684.83,80.43,95.7,54.01,87.36,408.23,62.47,22.39,88.24,50.09,68.25,69.705,96.14,82.72
2025-12-23,687.96,80.49,96.29,54.31,87.5,413.64,64.84,22.64,88.18,49.65,68.65,69.935,96.1,82.68
2025-12-24,690.38,80.64,96.41,54.42,88.03,411.93,65.22,22.63,88.76,49.46,68.76,69.935,96.35,82.73
2025-12-29,687.85,80.63,96.28,54.66,88.07,398.6,66.01,22.49,89.04,49.38,68.6,70.305,96.58,82.83
2025-12-30,687.01,80.71,96.44,54.88,87.86,398.89,68.98,22.64,89.22,49.83,68.87,70.165,96.48,82.85
2025-12-31,681.92,80.63,96.03,54.71,87.16,396.31,64.42,22.36,88.49,49.65,68.6,70.215,96.16,82.82
2026-01-02,683.17,80.67,97.04,56.24,87.03,398.28,65.75,22.39,88.52,50.94,69.43,69.995,96.08,82.86
2026-01-05,687.72,80.88,98.15,56.86,87.46,408.76,69.08,22.81,88.72,53.46,69.94,70.005,96.37,82.89
2026-01-06,691.81,80.9,98.3,57.28,87.28,413.18,73.71,22.8,89.37,52.45,70.18,70.145,96.3,82.9
2026-01-07,689.58,80.88,97.93,56.85,87.79,409.23,70.96,22.59,88.5,51.54,69.81,70.28,96.48,82.89
2026-01-08,689.51,80.94,97.94,56.87,87.35,411.49,69.71,22.88,89.29,51.52,69.75,70.255,96.19,82.86
2026-01-09,694.07,81.0,98.81,57.14,87.93,414.47,72.38,22.9,89.47,51.16,70.27,70.285,96.3,82.83
2026-01-12,695.16,81.04,99.41,57.94,87.67,422.23,77.23,23.19,89.59,51.87,70.67,70.42,96.18,82.83
2026-01-13,693.77,81.04,98.84,57.51,87.82,421.63,78.6,23.37,90.09,53.57,70.42,70.36,96.3,82.85
2026-01-14,690.36,81.04,99.3,57.75,88.33,425.94,84.56,23.39,90.87,55.44,70.62,70.495,96.5,82.87
2026-01-15,692.24,81.04,99.26,58.09,88.31,423.33,83.32,23.2,91.5,54.0,70.48,70.55,96.3,82.81
2026-01-16,691.66,81.09,99.53,57.87,87.8,421.29,81.02,23.16,92.62,54.24,70.64,70.47,95.93,82.79
2026-01-20,677.58,80.88,98.02,57.31,86.65,437.23,85.39,23.48,90.9,50.76,69.58,70.37,95.55,82.8
2026-01-21,685.4,81.12,99.03,58.26,87.31,443.6,83.96,23.75,91.26,51.11,70.32,70.3,95.8,82.84
2026-01-22,688.98,81.18,99.42,58.7,87.69,451.79,87.13,23.74,90.36,50.67,70.62,70.355,95.79,82.81
2026-01-23,689.23,81.14,99.97,59.07,87.93,458.0,92.91,24.18,90.54,50.7,71.11,70.385,95.95,82.84
2026-01-26,692.73,81.18,100.47,59.17,88.35,464.7,98.34,24.29,90.42,49.65,71.69,70.59,96.09,82.87
2026-01-27,695.49,81.17,102.09,60.34,87.8,476.1,101.59,24.62,90.39,50.63,72.84,70.59,95.98,82.89
2026-01-28,695.42,81.04,101.01,60.75,87.6,494.56,105.6,24.94,89.46,50.51,71.88,70.655,95.9,82.89
2026-01-29,694.04,81.03,101.69,60.44,87.62,495.9,105.57,25.3,90.71,47.6,72.35,70.715,96.0,82.92
2026-01-30,691.97,81.12,100.74,59.1,87.13,444.95,75.44,24.43,90.8,47.49,71.73,70.67,95.94,82.99
2026-02-02,695.41,80.77,101.4,59.28,86.55,427.13,72.44,23.54,89.86,44.22,72.37,70.58,95.44,82.7
2026-02-03,689.53,80.72,101.45,59.6,86.76,454.29,76.96,24.15,89.66,43.3,72.04,70.485,95.53,82.69
2026-02-04,686.19,80.62,101.78,58.8,86.54,453.97,79.18,24.19,90.95,41.57,72.24,70.615,95.51,82.73
2026-02-05,677.62,80.53,100.33,58.53,87.48,441.88,66.69,23.76,90.82,36.1,71.11,70.65,96.07,82.86
2026-02-06,690.62,80.81,102.61,60.07,87.54,455.46,70.19,24.01,92.25,39.68,72.52,70.64,96.07,82.86
2026-02-09,693.95,80.92,103.99,60.51,87.52,467.03,76.04,24.25,92.64,40.11,73.22,70.69,96.09,82.88
2026-02-10,692.12,80.84,104.24,60.6,88.53,462.4,73.41,24.14,93.88,38.97,73.03,70.87,96.51,82.93
2026-02-11,691.96,80.83,104.94,61.56,88.06,467.63,76.56,24.37,93.36,38.29,73.31,70.94,96.24,82.85
2026-02-12,681.27,80.79,104.15,60.86,89.23,451.39,67.73,23.8,93.25,37.05,72.64,71.05,96.83,82.93
2026-02-13,681.75,80.85,104.24,61.12,89.72,462.62,69.72,23.88,94.59,38.97,72.72,71.13,97.21,83.06
2026-02-17,682.85,80.81,104.22,60.87,89.87,448.2,66.37,23.59,95.49,38.39,73.23,71.23,97.2,83.03
2026-02-18,686.29,80.91,104.34,61.19,89.53,458.28,70.09,24.21,94.37,37.54,73.43,71.265,97.0,82.98
2026-02-19,684.48,80.94,104.05,61.04,89.62,459.56,71.01,24.43,94.17,38.07,73.11,71.27,97.09,82.98
2026-02-20,689.43,81.0,104.9,62.34,89.41,468.62,76.62,24.6,94.88,38.42,73.83,71.335,97.09,82.99
2026-02-23,682.39,80.87,104.47,61.65,89.74,481.28,80.57,24.75,94.89,36.55,73.52,71.425,97.44,83.06
2026-02-24,687.35,80.81,104.66,62.62,89.9,474.61,79.08,24.72,95.13,36.53,73.7,71.465,97.42,83.06
2026-02-25,693.15,80.92,105.66,63.31,89.91,473.42,80.04,24.75,94.87,39.23,74.35,71.51,97.34,83.04
2026-02-26,689.3,80.85,105.57,62.71,90.27,477.48,80.45,24.76,95.52,38.26,74.23,71.58,97.6,83.07
2026-02-27,685.99,80.72,105.38,62.58,90.82,483.75,84.99,25.1,95.69,37.19,73.9,71.745,97.99,83.18
2026-03-02,686.38,80.28,103.3,61.5,89.61,490.0,81.57,25.81,95.93,39.195,72.44,71.445,97.12,82.81
2026-03-03,680.33,80.12,100.09,58.42,89.43,468.14,74.68,25.91,95.42,38.7,70.12,70.975,97.01,82.8
2026-03-04,685.13,80.4,101.38,59.05,89.15,471.8,75.34,26.14,95.54,41.44,71.02,71.215,96.81,82.75
2026-03-05,681.31,80.08,99.16,57.63,88.79,466.13,74.27,26.52,94.58,40.39,69.52,70.74,96.51,82.69
2026-03-06,672.38,79.69,98.28,57.32,88.46,473.51,75.94,27.51,93.55,38.6,68.99,70.58,96.45,82.73
2026-03-09,678.27,80.17,98.99,58.45,89.23,472.53,78.26,27.14,93.76,39.13,69.31,70.58,96.75,82.77
2026-03-10,677.18,80.04,99.22,58.68,88.28,477.86,80.09,27.6,93.62,39.71,69.36,70.83,96.44,82.72
2026-03-11,676.33,79.86,99.01,58.83,87.14,476.24,77.91,28.13,92.65,40.07,69.24,70.39,96.0,82.64
2026-03-12,666.06,79.35,97.46,56.95,86.97,466.88,76.48,28.86,92.01,39.95,68.28,70.205,95.69,82.5
2026-03-13,662.29,79.2,96.3,56.8,86.54,460.84,72.69,28.71,92.16,40.37,67.39,70.06,95.59,82.55
2026-03-16,669.03,79.45,98.1,58.38,87.21,460.43,73.22,28.31,92.93,41.94,68.5,70.29,96.02,82.65
2026-03-17,670.79,79.81,98.37,58.75,87.45,459.27,71.66,28.76,93.34,42.27,68.8,70.495,96.19,82.66
2026-03-18,661.43,79.4,96.69,57.56,86.955,444.74,68.7,29.27,91.96,40.26,67.43,70.315,95.75,82.51
2026-03-19,659.8,79.66,96.52,57.62,87.49,426.41,65.68,28.84,91.59,39.82,67.29,70.17,95.74,82.49
2026-03-20,648.57,78.92,93.59,55.64,85.83,413.38,61.52,28.94,88.75,39.77,65.2,69.67,94.88,82.31
2026-03-23,655.38,79.44,95.84,57.31,86.385,404.04,62.47,27.75,89.44,40.05,66.78,69.83,95.18,82.43
2026-03-24,653.18,79.17,95.27,56.52,86.01,404.13,62.95,28.24,87.91,39.28,66.49,69.795,94.86,82.31
2026-03-25,656.82,79.42,96.66,57.42,86.84,416.29,65.21,28.17,87.84,40.17,67.45,70.17,95.36,82.4
2026-03-26,645.09,78.92,94.66,55.47,86.11,400.64,60.77,28.44,87.72,38.82,66.09,69.6,94.59,82.22
2026-03-27,634.09,78.72,93.8,55.2,85.64,414.7,63.44,29.1,87.0,37.4,65.48,69.41,94.6,82.39
2026-03-30,631.97,78.81,94.07,54.75,86.78,414.58,63.52,29.26,87.33,37.68,65.84,69.73,95.27,82.5
2026-03-31,650.34,79.56,97.13,56.79,86.69,430.29,68.14,28.95,88.7,38.42,67.94,69.96,95.44,82.57
2026-04-01,655.24,79.37,98.61,57.23,86.26,437.82,68.14,28.68,89.02,38.64,68.93,70.095,95.04,82.32
2026-04-02,655.83,79.56,98.0,56.59,86.79,429.41,65.79,29.33,90.23,37.97,68.6,70.13,95.26,82.36
2026-04-07,659.22,79.72,98.35,57.31,86.64,431.81,65.94,29.37,90.49,39.1,68.84,69.67,95.25,82.34
2026-04-08,676.01,80.19,102.19,60.44,86.92,434.53,67.47,28.56,92.12,40.42,71.56,70.555,95.46,82.42
2026-04-09,679.91,80.28,101.95,60.28,86.7,437.91,68.39,28.71,92.78,40.91,71.44,70.265,95.43,82.44
2026-04-10,679.46,79.96,102.18,60.56,86.49,437.13,69.08,28.5,92.98,41.56,71.66,70.08,95.27,82.41
2026-04-13,686.1,80.26,102.81,61.07,86.75,435.36,68.28,28.96,93.33,41.59,72.17,69.87,95.48,82.47
2026-04-14,694.46,80.5,103.64,62.24,87.21,445.09,72.04,28.84,94.22,42.13,72.72,70.195,95.79,82.53
2026-04-15,699.94,80.46,103.31,62.2,86.83,440.46,71.84,28.89,94.29,42.56,72.39,70.125,95.58,82.51
2026-04-16,701.66,80.35,103.01,62.45,86.28,440.08,71.24,29.11,95.16,42.73,72.16,70.19,95.41,82.48
2026-04-17,710.14,80.65,104.32,63.64,87.07,445.93,73.63,28.29,96.68,43.94,73.25,70.605,95.93,82.64
2026-04-20,708.72,80.58,103.91,63.18,87.05,442.09,72.15,28.67,97.03,43.25,73.01,70.56,95.84,82.6
2026-04-21,704.08,80.37,101.63,62.25,86.57,429.57,68.49,29.21,95.31,42.51,71.43,70.375,95.42,82.48
2026-04-22,711.21,80.5,101.97,63.38,86.74,435.26,70.37,29.51,94.52,44.75,71.58,70.41,95.52,82.52
2026-04-23,708.45,80.37,101.24,62.35,86.55,431.04,68.38,29.89,95.49,44.05,71.14,70.38,95.37,82.48
2026-04-24,713.94,80.48,101.77,63.74,86.71,433.25,68.79,29.86,95.3,44.02,71.58,70.365,95.56,82.57
2026-04-27,715.17,80.51,101.38,63.64,86.28,429.89,68.33,30.09,94.78,43.56,71.21,70.23,95.34,82.55
2026-04-28,711.69,80.4,100.96,62.99,86.37,421.91,66.2,30.34,95.65,43.27,70.84,70.11,95.25,82.5
2026-04-29,711.58,80.13,99.93,62.69,85.7,417.41,64.84,31.08,94.9,42.75,70.02,69.96,94.8,82.39
2026-04-30,718.66,80.38,102.32,63.99,85.62,423.66,66.66,31.1,96.33,43.32,71.69,70.265,94.98,82.48
2026-05-01,720.65,80.06,102.1,64.13,85.61,423.18,68.29,30.81,96.06,44.47,71.65,70.315,94.74,82.25
2026-05-05,723.77,79.92,102.04,65.4,85.43,418.27,65.91,31.2,95.76,46.28,71.35,70.22,94.53,82.19
2026-05-06,733.83,80.16,104.81,67.49,86.08,430.96,70.13,30.21,97.09,46.19,73.37,70.61,95.0,82.3
2026-05-07,731.58,79.86,102.89,66.59,85.65,431.68,71.6,30.25,96.39,45.4,71.78,70.63,94.71,82.23
2026-05-08,737.62,80.14,103.96,67.94,86.08,433.77,73.01,30.3,96.62,45.45,72.36,70.62,94.96,82.3
2026-05-11,739.3,79.98,103.74,67.89,85.56,434.65,78.0,31.06,96.69,46.47,72.25,70.435,94.64,82.22
2026-05-12,738.18,79.87,103.14,65.82,84.99,432.93,78.55,31.69,96.69,45.8,71.59,70.15,94.32,82.16
2026-05-13,742.31,79.91,103.83,67.21,84.8,430.5,79.35,31.37,95.89,45.12,72.04,70.135,94.32,82.19
2026-05-14,748.17,79.85,103.46,67.38,84.92,427.21,75.51,31.15,95.32,46.17,71.9,70.445,94.26,82.16
2026-05-15,739.17,79.46,101.72,65.07,83.66,417.29,69.04,31.19,93.91,44.82,70.49,69.95,93.51,82.06
